book_id,title,genre,publication_year,price,author_id,dob,nationality,customer_id,email
1,Honorable,Science Fiction,1918,948.88,1,3/4/1907,Sweden,1,jdrewell0@wisc.edu
2,Honorable,Science Fiction,1827,425.39,2,12/28/1943,Sweden,2,dfrackiewicz1@shareasale.com
3,Mrs,Mystery,1902,565.85,3,10/27/1918,France,3,zmash2@eepurl.com
4,Honorable,Mystery,1935,958.17,4,8/5/1993,Croatia,4,gandrioni3@godaddy.com
5,Mr,Romance,1983,47.1,5,6/19/1975,Japan,5,jkilby4@sphinn.com
6,Mrs,Fiction,1925,737.5,6,5/22/1900,Lithuania,6,rrubinsaft5@statcounter.com
7,Honorable,Non-Fiction,1947,92.6,7,10/25/1920,Mexico,7,jmoggach6@tripod.com
8,Dr,Romance,1924,171.93,8,8/25/1942,Sweden,8,cmckeating7@scribd.com
9,Honorable,Non-Fiction,1985,800.6,9,4/10/1933,Portugal,9,mmcilherran8@bluehost.com
10,Ms,Non-Fiction,1840,829.42,10,1/25/1914,China,10,mjaffa9@sbwire.com
11,Dr,Romance,1909,103.93,11,4/2/1979,Philippines,11,fdivinya@altervista.org
12,Dr,Mystery,1966,475.69,12,10/14/1938,Greece,12,gofogertyb@tinypic.com
13,Dr,Non-Fiction,1919,473.8,13,5/27/1927,Indonesia,13,spalatinic@mapy.cz
14,Honorable,Non-Fiction,1961,320.21,14,9/18/1907,Russia,14,evelted@unblog.fr
15,Rev,Science Fiction,1947,578.17,15,11/13/1967,Poland,15,amquhane@csmonitor.com
16,Dr,Science Fiction,1909,905.52,16,2/5/1914,Nigeria,16,ewinshipf@wikia.com
17,Mr,Romance,1999,59.35,17,11/16/1936,China,17,aleetg@topsy.com
18,Ms,Fiction,1961,473.65,18,11/22/1990,Greece,18,ngrisleyh@apache.org
19,Honorable,Romance,2019,757.32,19,4/3/1930,Syria,19,bzimmeri@amazon.com
20,Dr,Romance,1946,463.88,20,11/18/1950,Russia,20,msummerscalesj@psu.edu
21,Honorable,Non-Fiction,1858,639.23,21,6/22/1949,Madagascar,21,nneathwayk@cmu.edu
22,Dr,Non-Fiction,1929,443.43,22,6/1/1935,Jordan,22,gzorzinl@npr.org
23,Rev,Non-Fiction,1854,386.44,23,4/18/1999,Pakistan,23,tdomicom@clickbank.net
24,Dr,Science Fiction,1853,142.91,24,6/7/1934,Russia,24,mnorthidgen@unc.edu
25,Ms,Mystery,1944,65.11,25,11/29/1971,Venezuela,25,hmencoo@army.mil
26,Honorable,Non-Fiction,2019,924.37,26,10/29/1991,Brazil,26,jlibbiep@free.fr
27,Dr,Science Fiction,1944,83.87,27,1/7/1934,Brazil,27,kmulrenanq@vk.com
28,Rev,Romance,1978,114.43,28,9/6/1914,Belgium,28,vchatenetr@fc2.com
29,Mr,Science Fiction,1858,473.62,29,1/15/1910,Mexico,29,lkeninghams@discuz.net
30,Mr,Romance,2008,436.08,30,9/19/1995,France,30,lbalnavet@uiuc.edu
31,Honorable,Fiction,1871,6.31,31,5/15/1906,Brazil,31,alougheedu@springer.com
32,Mr,Romance,1837,180.03,32,5/11/1950,China,32,dfredyv@twitpic.com
33,Mrs,Fiction,1928,920.4,33,2/19/1921,Colombia,33,bfeatherstonhalghw@joomla.org
34,Dr,Romance,1993,370.06,34,4/2/1925,South Africa,34,csussansx@ted.com
35,Rev,Romance,1820,711.11,35,9/22/1937,United States,35,tgeorgey@edublogs.org
36,Dr,Mystery,1851,575.37,36,4/24/1943,Thailand,36,jtraicez@gnu.org
37,Honorable,Fiction,1831,203.06,37,7/29/1905,Colombia,37,jhefferan10@arizona.edu
38,Honorable,Non-Fiction,1806,379.98,38,10/11/1985,Philippines,38,csplevings11@chronoengine.com
39,Mr,Mystery,1959,338.32,39,3/26/1984,Russia,39,rstileman12@devhub.com
40,Mr,Science Fiction,1917,309.7,40,4/15/1913,China,40,menderby13@canalblog.com
41,Honorable,Science Fiction,1831,78.57,41,9/11/1956,Indonesia,41,egiraldon14@sina.com.cn
42,Ms,Romance,1883,72.09,42,1/10/1905,Poland,42,iarkow15@pen.io
43,Mrs,Fiction,1811,23.52,43,11/22/1982,Indonesia,43,emangham16@webs.com
44,Honorable,Mystery,1970,434.51,44,12/25/1911,Ethiopia,44,mmcgreary17@dailymail.co.uk
45,Mr,Fiction,1806,521.09,45,5/28/1973,France,45,mmcging18@princeton.edu
46,Mr,Non-Fiction,1801,460.29,46,12/25/1949,Russia,46,clawlie19@360.cn
47,Honorable,Non-Fiction,1895,192.94,47,3/11/1926,Czech Republic,47,jbrouard1a@phoca.cz
48,Dr,Fiction,1933,885.96,48,5/9/1926,Indonesia,48,nberridge1b@ftc.gov
49,Ms,Romance,1908,760.6,49,7/10/1973,China,49,tgascard1c@fda.gov
50,Mrs,Romance,1990,16.31,50,11/4/1956,Turkmenistan,50,cbroadnicke1d@forbes.com
51,Rev,Non-Fiction,1914,366.09,51,8/31/1996,Sweden,51,tkulic1e@reddit.com
52,Rev,Science Fiction,1916,829.03,52,1/25/1912,Cameroon,52,rbilton1f@vinaora.com
53,Rev,Science Fiction,1963,373.42,53,11/7/1982,Angola,53,lredolfi1g@blogtalkradio.com
54,Mrs,Non-Fiction,1957,977.16,54,8/11/1957,Vietnam,54,dhetterich1h@stanford.edu
55,Dr,Mystery,1958,587.46,55,7/31/1937,Indonesia,55,fmacdwyer1i@etsy.com
56,Rev,Romance,1950,485.25,56,7/7/1913,China,56,cdouse1j@wix.com
57,Mrs,Fiction,2005,663.57,57,4/25/1914,Uganda,57,bcalan1k@instagram.com
58,Honorable,Romance,1976,873.64,58,1/25/1931,Sweden,58,djoron1l@dedecms.com
59,Honorable,Mystery,2000,961.4,59,4/28/1905,Portugal,59,lbillingsly1m@meetup.com
60,Honorable,Science Fiction,1858,307.47,60,3/27/1976,Indonesia,60,hskirvane1n@free.fr
61,Mrs,Non-Fiction,2013,782.36,61,12/13/1950,Luxembourg,61,cbrito1o@cafepress.com
62,Dr,Non-Fiction,1963,176.15,62,12/8/1905,Philippines,62,ngrover1p@gnu.org
63,Dr,Romance,1829,80.29,63,2/23/1919,Namibia,63,greyne1q@addthis.com
64,Rev,Science Fiction,1918,646.15,64,11/7/1915,Guatemala,64,mdraaisma1r@google.it
65,Ms,Romance,1992,672.69,65,7/26/1956,Egypt,65,kbomb1s@nasa.gov
66,Mr,Fiction,1882,69.05,66,12/9/1938,China,66,tpersicke1t@uiuc.edu
67,Rev,Romance,1896,651.57,67,1/2/1964,China,67,rbellino1u@admin.ch
68,Rev,Science Fiction,1916,965.41,68,6/16/1927,Czech Republic,68,eburnall1v@bloglines.com
69,Ms,Fiction,1978,892.48,69,9/5/1971,Jamaica,69,lbootland1w@edublogs.org
70,Dr,Fiction,1870,14.11,70,9/21/1990,Indonesia,70,charmar1x@mysql.com
71,Mr,Non-Fiction,1896,232.0,71,12/28/1961,Serbia,71,sgamble1y@ezinearticles.com
72,Honorable,Science Fiction,1896,654.82,72,7/11/1914,Indonesia,72,lalloway1z@economist.com
73,Mr,Mystery,1802,199.76,73,7/29/1952,Brazil,73,bposkitt20@com.com
74,Dr,Fiction,2021,815.59,74,10/2/1945,United States,74,rbertolaccini21@pbs.org
75,Dr,Mystery,1964,351.35,75,3/8/1998,China,75,mhonisch22@princeton.edu
76,Ms,Romance,1809,471.17,76,1/16/1905,Thailand,76,kdaniello23@dailymotion.com
77,Mr,Mystery,1847,308.22,77,1/14/1968,Philippines,77,codoireidh24@xing.com
78,Mrs,Fiction,1867,105.54,78,6/5/1902,Ukraine,78,pbreem25@tuttocitta.it
79,Dr,Mystery,1847,20.16,79,7/11/1973,Indonesia,79,mbromage26@dailymotion.com
80,Dr,Romance,1885,911.75,80,11/24/1992,Mayotte,80,jwolfit27@hao123.com
81,Dr,Science Fiction,1851,672.94,81,10/12/1908,Venezuela,81,jnelthorpe28@slideshare.net
82,Mr,Mystery,1824,741.5,82,3/16/1994,China,82,mdonet29@liveinternet.ru
83,Honorable,Science Fiction,1800,418.12,83,6/28/1955,Tunisia,83,cbrister2a@mayoclinic.com
84,Mr,Fiction,1882,430.66,84,5/24/1968,Portugal,84,csparhawk2b@over-blog.com
85,Honorable,Romance,1988,826.44,85,4/18/1923,Philippines,85,adunbobin2c@issuu.com
86,Mrs,Fiction,2015,389.36,86,5/12/1919,China,86,wvedeniktov2d@stanford.edu
87,Mr,Romance,1812,398.92,87,2/15/1985,Philippines,87,dguttridge2e@tamu.edu
88,Mr,Mystery,1839,967.09,88,4/25/1993,United States,88,atamsett2f@gizmodo.com
89,Dr,Fiction,1970,165.96,89,8/27/1921,Brazil,89,tmacari2g@theglobeandmail.com
90,Dr,Fiction,1900,836.17,90,10/25/1904,Uganda,90,jtuddenham2h@is.gd
91,Mr,Non-Fiction,1899,191.66,91,6/15/1929,Bosnia and Herzegovina,91,bmuncey2i@multiply.com
92,Dr,Non-Fiction,1837,763.23,92,1/27/1956,Croatia,92,groswarn2j@icq.com
93,Mr,Mystery,1909,628.65,93,7/29/1902,France,93,bhendonson2k@harvard.edu
94,Mr,Romance,2009,418.27,94,5/29/1913,Indonesia,94,anatwick2l@craigslist.org
95,Rev,Fiction,1905,104.54,95,12/17/1996,China,95,rconnors2m@hatena.ne.jp
96,Ms,Mystery,1977,731.37,96,12/17/1948,France,96,tluxton2n@zdnet.com
97,Honorable,Science Fiction,1924,603.28,97,12/8/1988,China,97,lschruyers2o@irs.gov
98,Dr,Romance,1847,382.67,98,6/8/1920,Ukraine,98,cspyer2p@furl.net
99,Rev,Science Fiction,1964,510.8,99,12/4/1975,Brazil,99,kgunda2q@biblegateway.com
100,Mr,Romance,2016,908.85,100,12/13/1956,Indonesia,100,abrereton2r@about.com
101,Rev,Mystery,1837,688.58,101,1/20/1956,Zimbabwe,101,cbalassi2s@friendfeed.com
102,Rev,Mystery,1835,397.84,102,10/1/1905,Libya,102,mvigurs2t@e-recht24.de
103,Honorable,Mystery,1892,564.91,103,5/13/1954,China,103,ephillpot2u@naver.com
104,Dr,Science Fiction,1934,437.78,104,5/20/1905,China,104,mandrin2v@wired.com
105,Ms,Non-Fiction,1974,752.01,105,12/1/1956,Philippines,105,cdrowsfield2w@independent.co.uk
106,Ms,Non-Fiction,2017,332.0,106,4/28/1956,Poland,106,wmeasey2x@weebly.com
107,Mrs,Mystery,1958,942.76,107,10/22/1987,Croatia,107,lcastiglione2y@friendfeed.com
108,Ms,Mystery,1811,298.53,108,7/31/1942,Kazakhstan,108,sarnal2z@stanford.edu
109,Rev,Fiction,1858,541.98,109,8/2/1976,Russia,109,vbromfield30@twitter.com
110,Mr,Romance,1969,870.78,110,6/22/1980,Ireland,110,bbiscomb31@cbslocal.com
111,Dr,Romance,1828,423.34,111,10/1/1957,Bosnia and Herzegovina,111,vattwooll32@cargocollective.com
112,Honorable,Mystery,1920,823.24,112,12/12/1971,Macedonia,112,rpashler33@phoca.cz
113,Honorable,Romance,1830,273.05,113,10/24/1973,Portugal,113,bflaverty34@cafepress.com
114,Honorable,Mystery,1952,645.49,114,10/7/1973,Denmark,114,gmaybey35@live.com
115,Honorable,Mystery,1988,787.71,115,4/11/1929,Indonesia,115,amattielli36@accuweather.com
116,Dr,Mystery,1871,289.32,116,11/2/1931,China,116,ppackington37@istockphoto.com
117,Honorable,Science Fiction,1845,939.08,117,4/30/1940,Dominican Republic,117,rthewlis38@hexun.com
118,Dr,Romance,2004,696.31,118,9/10/1967,Canada,118,atuttiett39@github.com
119,Mr,Romance,2019,833.31,119,10/24/1990,China,119,ddoge3a@blogspot.com
120,Dr,Fiction,1837,754.35,120,7/1/1953,China,120,hbasley3b@cargocollective.com
121,Ms,Romance,1918,884.55,121,3/31/1995,China,121,jbowcock3c@usgs.gov
122,Mrs,Science Fiction,1934,845.51,122,6/23/1918,Uzbekistan,122,ccresar3d@etsy.com
123,Ms,Romance,1908,905.94,123,6/30/1924,Oman,123,krichards3e@drupal.org
124,Honorable,Non-Fiction,1936,261.27,124,3/14/1995,Sweden,124,jkoomar3f@desdev.cn
125,Mr,Non-Fiction,1849,985.56,125,10/23/1924,Chile,125,rbortoloni3g@omniture.com
126,Mrs,Fiction,1915,162.15,126,3/26/1977,China,126,owolffers3h@xrea.com
127,Ms,Non-Fiction,1815,391.18,127,2/21/1963,Philippines,127,sainge3i@typepad.com
128,Mrs,Fiction,2008,228.71,128,3/12/1940,Peru,128,kabbatucci3j@go.com
129,Ms,Mystery,1968,968.93,129,7/25/1966,South Africa,129,apearne3k@intel.com
130,Honorable,Non-Fiction,1992,574.28,130,7/18/1950,China,130,egathwaite3l@youtu.be
131,Dr,Fiction,1897,310.26,131,6/7/1921,Portugal,131,jelbourn3m@mapy.cz
132,Honorable,Non-Fiction,1983,252.27,132,2/16/1939,Nicaragua,132,avarnham3n@boston.com
133,Rev,Romance,1931,786.39,133,7/14/1922,Sweden,133,bdredge3o@intel.com
134,Mrs,Fiction,1980,892.42,134,7/25/1907,Russia,134,rcurro3p@geocities.jp
135,Dr,Science Fiction,1983,120.38,135,6/15/1926,China,135,hescalera3q@merriam-webster.com
136,Mr,Romance,1953,615.07,136,8/5/1960,South Africa,136,wgrattan3r@samsung.com
137,Mr,Romance,1999,196.25,137,7/17/1923,Philippines,137,jharbach3s@xinhuanet.com
138,Mrs,Non-Fiction,1966,882.56,138,3/1/1931,China,138,gbredes3t@nydailynews.com
139,Mr,Science Fiction,1971,670.26,139,10/28/1929,Japan,139,kheistermann3u@list-manage.com
140,Mr,Science Fiction,1998,845.46,140,5/18/1929,Poland,140,zbeenham3v@spotify.com
141,Mrs,Non-Fiction,2011,618.23,141,11/14/1967,Iran,141,pparmiter3w@mashable.com
142,Ms,Non-Fiction,1978,384.8,142,11/24/1955,China,142,jmacilhargy3x@xinhuanet.com
143,Mr,Mystery,1806,254.34,143,11/4/1975,China,143,gcrook3y@bloomberg.com
144,Dr,Fiction,1954,994.77,144,5/24/1936,Indonesia,144,nratnage3z@flavors.me
145,Mr,Fiction,1847,907.07,145,9/29/1932,Russia,145,crobion40@slate.com
146,Ms,Science Fiction,1829,963.76,146,12/30/1979,China,146,ldomenichelli41@harvard.edu
147,Ms,Non-Fiction,1882,869.54,147,10/5/1957,Benin,147,emurt42@example.com
148,Dr,Non-Fiction,1853,660.76,148,3/29/1947,Poland,148,odelacroux43@hostgator.com
149,Rev,Romance,2011,220.8,149,11/5/1994,Portugal,149,asmalman44@upenn.edu
150,Dr,Romance,1881,814.02,150,2/23/1956,Namibia,150,fsergeaunt45@blogger.com
151,Rev,Mystery,1806,395.52,151,6/3/1973,China,151,lthody46@redcross.org
152,Ms,Mystery,1859,430.6,152,5/3/1981,Nigeria,152,ijachimczak47@webs.com
153,Mr,Non-Fiction,1929,660.66,153,8/3/1901,Nigeria,153,erenouf48@amazon.com
154,Mrs,Non-Fiction,1806,852.59,154,11/16/1983,China,154,eblackader49@amazon.co.jp
155,Mr,Romance,1906,503.59,155,1/24/1914,Tunisia,155,kstretton4a@ameblo.jp
156,Dr,Science Fiction,2018,433.12,156,2/11/1904,Indonesia,156,clowcock4b@e-recht24.de
157,Rev,Non-Fiction,1902,952.38,157,8/12/1919,Spain,157,tkeningley4c@virginia.edu
158,Mrs,Science Fiction,1825,394.99,158,3/4/1919,Uganda,158,mmuffitt4d@businessweek.com
159,Honorable,Mystery,1889,106.05,159,5/15/1952,Thailand,159,wpinshon4e@ed.gov
160,Rev,Non-Fiction,1805,795.57,160,9/6/1953,China,160,bpykett4f@msu.edu
161,Mrs,Non-Fiction,1886,244.69,161,8/9/1990,Indonesia,161,amundow4g@mashable.com
162,Ms,Mystery,1828,962.8,162,12/29/1935,Tanzania,162,fsaines4h@deviantart.com
163,Mr,Mystery,2002,315.32,163,2/24/1922,France,163,mbalazin4i@istockphoto.com
164,Ms,Non-Fiction,1942,871.81,164,8/10/1971,Indonesia,164,mdarbishire4j@home.pl
165,Dr,Science Fiction,1990,905.43,165,3/16/1975,Indonesia,165,tleban4k@cpanel.net
166,Dr,Mystery,2020,309.62,166,1/16/1932,China,166,akew4l@homestead.com
167,Honorable,Mystery,1907,667.9,167,8/15/1967,Indonesia,167,nduthy4m@npr.org
168,Dr,Non-Fiction,1903,956.79,168,9/1/1971,Costa Rica,168,dlockyer4n@samsung.com
169,Dr,Science Fiction,1919,418.98,169,4/4/1968,Croatia,169,cguillerman4o@imgur.com
170,Dr,Non-Fiction,1959,352.17,170,9/16/1995,Tanzania,170,aphillipp4p@friendfeed.com
171,Honorable,Mystery,1822,65.63,171,9/23/1939,Brazil,171,wbonifazio4q@goo.ne.jp
172,Dr,Science Fiction,1909,448.16,172,11/26/1918,Indonesia,172,mkadwallider4r@tuttocitta.it
173,Mr,Romance,1873,426.21,173,3/22/1949,Finland,173,emartynikhin4s@artisteer.com
174,Mr,Science Fiction,1929,699.91,174,10/27/1942,China,174,adurtnell4t@census.gov
175,Rev,Science Fiction,1801,500.1,175,12/17/1935,Sudan,175,tsinnatt4u@fda.gov
176,Mrs,Non-Fiction,1888,418.93,176,4/6/1974,Haiti,176,ehardy4v@oracle.com
177,Rev,Romance,1832,778.88,177,12/9/1947,Poland,177,elittleover4w@walmart.com
178,Rev,Science Fiction,1864,680.15,178,10/15/1926,Russia,178,ltasseler4x@tamu.edu
179,Rev,Science Fiction,1815,151.2,179,7/19/1935,Indonesia,179,eannetts4y@woothemes.com
180,Ms,Mystery,1834,178.65,180,10/30/1907,Denmark,180,djuris4z@pagesperso-orange.fr
181,Mr,Mystery,1918,657.94,181,10/16/1992,Bangladesh,181,acherrison50@hc360.com
182,Ms,Romance,1857,997.75,182,1/18/1969,Haiti,182,kjaulme51@census.gov
183,Mrs,Mystery,1868,636.33,183,4/17/1989,Vietnam,183,cklimkiewich52@sina.com.cn
184,Mrs,Romance,1973,557.04,184,8/16/1928,Afghanistan,184,gatcock53@usnews.com
185,Ms,Non-Fiction,1965,948.12,185,12/3/1978,United States,185,jends54@uol.com.br
186,Rev,Mystery,1988,94.67,186,2/13/1927,Mauritius,186,jblazej55@freewebs.com
187,Dr,Fiction,1963,315.9,187,9/3/1985,Serbia,187,jellissen56@gizmodo.com
188,Honorable,Romance,1815,930.72,188,12/13/1944,Yemen,188,mmacgille57@tripod.com
189,Dr,Mystery,1921,173.35,189,6/14/1945,Macedonia,189,cgroundwator58@nih.gov
190,Ms,Romance,1964,804.3,190,12/19/1974,Russia,190,ecordelet59@wp.com
191,Honorable,Fiction,1895,300.34,191,3/15/1913,Bosnia and Herzegovina,191,abartolomeazzi5a@hp.com
192,Dr,Mystery,1945,947.5,192,10/14/1931,Portugal,192,scastellan5b@businessweek.com
193,Mr,Romance,1805,918.47,193,11/9/1930,Afghanistan,193,mkesby5c@miitbeian.gov.cn
194,Honorable,Science Fiction,1942,530.02,194,9/17/1937,China,194,abebis5d@epa.gov
195,Honorable,Romance,1891,71.99,195,5/19/1911,Indonesia,195,akedslie5e@storify.com
196,Rev,Non-Fiction,1800,636.45,196,9/11/1946,France,196,smiguel5f@go.com
197,Ms,Mystery,1988,15.97,197,3/16/1942,Russia,197,phun5g@google.com.au
198,Mr,Fiction,1902,674.66,198,4/30/1953,Albania,198,bruskin5h@nature.com
199,Ms,Fiction,1916,808.42,199,10/24/1984,China,199,ljerman5i@discovery.com
200,Honorable,Mystery,1837,706.24,200,11/19/1936,Sweden,200,frapin5j@aol.com
201,Dr,Romance,1815,691.77,201,3/27/1968,China,201,llazer5k@elpais.com
202,Ms,Non-Fiction,1862,892.68,202,10/24/1938,Portugal,202,eberrigan5l@wp.com
203,Ms,Romance,1829,105.82,203,10/29/1996,Portugal,203,taizlewood5m@buzzfeed.com
204,Mrs,Fiction,1898,388.46,204,12/22/1934,China,204,pscrine5n@people.com.cn
205,Rev,Fiction,1964,436.57,205,3/30/1963,China,205,cnottle5o@reuters.com
206,Rev,Science Fiction,1872,950.38,206,6/11/1942,Indonesia,206,lduckwith5p@simplemachines.org
207,Honorable,Romance,1951,251.16,207,7/19/1903,Thailand,207,iyallowley5q@dailymotion.com
208,Dr,Science Fiction,1995,507.9,208,5/24/1916,Mexico,208,demney5r@uol.com.br
209,Rev,Mystery,1857,764.69,209,4/21/1997,China,209,rtarburn5s@amazon.co.uk
210,Dr,Fiction,1996,692.71,210,12/27/1905,Indonesia,210,rpasque5t@toplist.cz
211,Ms,Non-Fiction,1870,7.7,211,5/10/1933,Indonesia,211,rsinkins5u@yolasite.com
212,Ms,Non-Fiction,1895,348.99,212,7/31/1941,China,212,dlecount5v@baidu.com
213,Ms,Non-Fiction,1871,204.88,213,9/10/1996,Peru,213,thoogendorp5w@jigsy.com
214,Honorable,Mystery,1958,985.84,214,6/7/1974,Mozambique,214,eskillington5x@barnesandnoble.com
215,Honorable,Fiction,1841,134.02,215,3/20/1987,Portugal,215,pthomton5y@springer.com
216,Rev,Science Fiction,1851,87.07,216,6/9/1924,United States,216,tmizen5z@bing.com
217,Ms,Mystery,1963,503.94,217,6/17/1963,South Africa,217,lweippert60@furl.net
218,Mrs,Fiction,1854,613.49,218,12/15/1934,Honduras,218,kredington61@ebay.com
219,Mrs,Mystery,1918,44.17,219,4/15/1976,Sweden,219,gvautier62@mtv.com
220,Mrs,Romance,1966,564.7,220,8/26/1942,Indonesia,220,abroyd63@reddit.com
221,Honorable,Science Fiction,1997,124.68,221,3/2/1942,United States,221,hkettridge64@google.cn
222,Rev,Non-Fiction,1957,24.0,222,8/14/1963,Indonesia,222,iblacksland65@sphinn.com
223,Rev,Science Fiction,1999,44.88,223,11/7/1990,China,223,mvautin66@domainmarket.com
224,Mr,Science Fiction,1851,917.95,224,3/21/1974,Vietnam,224,ctabard67@acquirethisname.com
225,Rev,Fiction,1858,477.73,225,1/18/1947,Mexico,225,umerrien68@deviantart.com
226,Ms,Fiction,1939,682.61,226,8/8/1969,Indonesia,226,esaward69@ow.ly
227,Rev,Fiction,1907,411.48,227,2/17/1950,Costa Rica,227,dmathys6a@ucoz.com
228,Rev,Mystery,1887,491.12,228,8/15/1924,Indonesia,228,rdoget6b@list-manage.com
229,Honorable,Fiction,1880,987.59,229,2/7/1994,Colombia,229,tkinig6c@google.co.uk
230,Mrs,Non-Fiction,1990,891.02,230,11/24/1940,China,230,mhubery6d@berkeley.edu
231,Rev,Fiction,1808,128.88,231,11/22/1998,Palestinian Territory,231,astoves6e@mail.ru
232,Ms,Non-Fiction,1922,587.39,232,2/25/1905,China,232,bpeeter6f@goo.ne.jp
233,Ms,Science Fiction,1979,309.37,233,7/19/1953,Syria,233,ncrowche6g@alexa.com
234,Ms,Science Fiction,1818,971.63,234,9/25/1969,Portugal,234,didale6h@jugem.jp
235,Honorable,Romance,1926,979.57,235,9/22/1904,Netherlands,235,vgoldstone6i@webs.com
236,Rev,Science Fiction,2009,840.66,236,10/27/1991,China,236,rpockett6j@purevolume.com
237,Mr,Non-Fiction,1923,137.33,237,11/19/1973,China,237,mtrevethan6k@blinklist.com
238,Rev,Romance,1920,534.35,238,11/22/1971,Indonesia,238,afransewich6l@theatlantic.com
239,Mrs,Fiction,1904,894.97,239,10/24/1993,Indonesia,239,rhulcoop6m@admin.ch
240,Mr,Non-Fiction,1976,846.77,240,12/1/1921,China,240,iinkin6n@github.com
241,Mr,Non-Fiction,1891,957.52,241,11/22/1962,Thailand,241,wkidman6o@bigcartel.com
242,Rev,Fiction,1972,158.1,242,4/2/1965,Sweden,242,cgronous6p@google.pl
243,Honorable,Fiction,1937,840.32,243,9/14/1995,Albania,243,msaffell6q@ebay.co.uk
244,Ms,Fiction,1853,215.72,244,2/9/1950,Philippines,244,sfoxall6r@slate.com
245,Mr,Romance,1810,289.04,245,2/23/1936,Philippines,245,cbragginton6s@wired.com
246,Rev,Romance,1842,297.84,246,9/25/1911,Philippines,246,mshakesby6t@state.tx.us
247,Mrs,Fiction,1805,302.08,247,8/17/1978,Indonesia,247,gpaff6u@nbcnews.com
248,Dr,Romance,1826,960.03,248,4/17/1911,United States,248,cwaldocke6v@usnews.com
249,Honorable,Mystery,1884,191.69,249,3/3/1967,China,249,sceney6w@biblegateway.com
250,Mrs,Non-Fiction,1913,819.48,250,3/9/1906,Niger,250,mbru6x@disqus.com
251,Honorable,Mystery,1827,532.39,251,2/19/1981,Bulgaria,251,dbroddle6y@cnet.com
252,Mrs,Science Fiction,1903,397.56,252,1/7/1971,Pakistan,252,bvivien6z@loc.gov
253,Dr,Romance,1922,325.93,253,2/12/1919,Czech Republic,253,wabelwhite70@gravatar.com
254,Rev,Fiction,1896,989.5,254,11/7/1952,Sweden,254,dmariault71@cnbc.com
255,Rev,Fiction,1916,258.96,255,8/12/1917,Poland,255,ldoidge72@a8.net
256,Ms,Romance,1824,831.47,256,3/6/1906,China,256,gjanuszewski73@surveymonkey.com
257,Dr,Mystery,1915,617.7,257,12/12/1985,China,257,ltreby74@abc.net.au
258,Ms,Non-Fiction,1932,611.93,258,10/7/1929,Peru,258,hffrenchbeytagh75@zimbio.com
259,Ms,Fiction,1873,502.27,259,4/17/1966,Peru,259,jrosenschein76@wsj.com
260,Dr,Science Fiction,1958,509.66,260,7/6/1976,North Korea,260,gleworthy77@fastcompany.com
261,Ms,Science Fiction,1933,605.13,261,2/21/1937,China,261,avayro78@independent.co.uk
262,Dr,Science Fiction,1808,114.69,262,9/30/1997,Poland,262,dspurret79@arizona.edu
263,Rev,Romance,1947,8.15,263,3/8/1915,Indonesia,263,lgipp7a@booking.com
264,Ms,Mystery,1885,439.31,264,12/7/1972,South Africa,264,doregan7b@reddit.com
265,Rev,Science Fiction,1952,830.94,265,10/6/1969,China,265,mdowning7c@cbslocal.com
266,Dr,Fiction,1896,838.31,266,11/24/1953,Portugal,266,jflattman7d@ucla.edu
267,Mr,Science Fiction,1889,733.07,267,5/11/1907,Albania,267,pgrewes7e@intel.com
268,Honorable,Romance,1892,191.36,268,2/23/1995,Philippines,268,trankcom7f@eepurl.com
269,Mr,Romance,1973,175.99,269,9/13/1991,Brazil,269,lrogier7g@mysql.com
270,Rev,Science Fiction,1854,990.37,270,3/9/1928,Syria,270,ileadbeater7h@symantec.com
271,Dr,Science Fiction,1854,615.09,271,9/30/1961,China,271,sphilipart7i@ihg.com
272,Honorable,Science Fiction,1890,968.24,272,10/10/1969,Canada,272,lhurndall7j@time.com
273,Mrs,Science Fiction,1882,428.25,273,1/31/1928,Portugal,273,iplevin7k@theguardian.com
274,Ms,Non-Fiction,1939,596.36,274,10/31/1957,Sweden,274,yseers7l@miitbeian.gov.cn
275,Mr,Science Fiction,1848,945.43,275,1/6/1989,China,275,hsmouten7m@dmoz.org
276,Rev,Fiction,1938,375.84,276,7/11/1919,Hungary,276,ddewar7n@discovery.com
277,Mrs,Romance,1806,622.85,277,5/29/1992,Indonesia,277,acoverley7o@boston.com
278,Mr,Mystery,1809,431.21,278,8/29/1988,Russia,278,aprydie7p@amazon.co.uk
279,Mrs,Non-Fiction,1949,704.51,279,12/15/1959,Vietnam,279,gswansborough7q@arizona.edu
280,Honorable,Fiction,2010,802.61,280,4/12/1990,China,280,cison7r@hatena.ne.jp
281,Mr,Romance,1862,627.07,281,6/5/1968,China,281,dtylor7s@virginia.edu
282,Dr,Science Fiction,1993,208.03,282,2/28/1969,Belarus,282,amatthiae7t@gnu.org
283,Ms,Fiction,1972,133.45,283,1/11/1989,Ukraine,283,ebarthelet7u@creativecommons.org
284,Rev,Non-Fiction,1989,935.42,284,10/12/1916,Portugal,284,gkundt7v@edublogs.org
285,Dr,Non-Fiction,1935,93.83,285,12/30/1984,Indonesia,285,tgerriets7w@nba.com
286,Mrs,Science Fiction,1807,105.95,286,8/4/1978,Guatemala,286,pelsey7x@state.gov
287,Honorable,Mystery,1828,135.45,287,11/20/1921,Czech Republic,287,bsaward7y@artisteer.com
288,Mrs,Mystery,1951,728.84,288,1/31/1941,Mexico,288,bjaime7z@biblegateway.com
289,Rev,Fiction,1894,252.52,289,10/3/1937,China,289,kcurwen80@simplemachines.org
290,Dr,Fiction,1925,284.14,290,9/22/1976,China,290,mthorouggood81@linkedin.com
291,Honorable,Non-Fiction,1940,748.21,291,5/7/1968,Indonesia,291,mabbiss82@ihg.com
292,Ms,Fiction,1854,865.63,292,10/18/1986,Latvia,292,dcurthoys83@mapy.cz
293,Mrs,Non-Fiction,1995,439.54,293,5/4/1937,China,293,cjewster84@comsenz.com
294,Dr,Romance,1862,284.29,294,1/16/1975,South Africa,294,saronsohn85@meetup.com
295,Mr,Fiction,1943,589.26,295,4/8/1968,Portugal,295,hcammomile86@google.com.au
296,Rev,Non-Fiction,1905,712.57,296,8/18/1923,Palestinian Territory,296,sbiggin87@sakura.ne.jp
297,Ms,Mystery,1988,490.79,297,11/11/1988,Brazil,297,fflood88@eventbrite.com
298,Dr,Mystery,1857,566.69,298,9/3/1959,China,298,dspehr89@dell.com
299,Mr,Science Fiction,2011,48.94,299,8/21/1977,Indonesia,299,tmessier8a@biblegateway.com
300,Dr,Romance,2006,843.63,300,8/10/1927,China,300,ddahill8b@bloglines.com
301,Rev,Fiction,1869,163.49,301,12/21/1973,Moldova,301,cdyton8c@samsung.com
302,Dr,Fiction,1892,521.37,302,4/24/1939,Philippines,302,gbwy8d@shareasale.com
303,Rev,Fiction,1984,975.1,303,10/8/1960,Vietnam,303,mdoonican8e@mit.edu
304,Mr,Fiction,1825,298.34,304,4/9/1965,Panama,304,bmckeevers8f@gizmodo.com
305,Mrs,Fiction,1980,500.65,305,11/23/1931,Indonesia,305,hbanbury8g@opera.com
306,Rev,Fiction,1972,321.68,306,11/20/1918,China,306,jzincke8h@tuttocitta.it
307,Mrs,Fiction,1924,623.07,307,11/20/1923,Kazakhstan,307,asimison8i@wsj.com
308,Rev,Science Fiction,2018,812.22,308,5/13/1920,Indonesia,308,camphlett8j@fda.gov
309,Ms,Romance,1988,737.11,309,11/18/1963,Iran,309,vserle8k@sitemeter.com
310,Mr,Romance,2004,275.18,310,1/4/1962,Indonesia,310,ymachan8l@unc.edu
311,Honorable,Fiction,1894,367.18,311,3/6/1967,Mongolia,311,ahargitt8m@clickbank.net
312,Ms,Science Fiction,1946,118.79,312,1/18/1915,Greece,312,twhitelock8n@about.me
313,Ms,Science Fiction,1823,182.26,313,2/25/1913,China,313,bgingedale8o@squidoo.com
314,Mr,Mystery,1944,837.15,314,10/23/1917,Portugal,314,wwilcox8p@topsy.com
315,Honorable,Fiction,2010,394.55,315,1/7/1963,Tanzania,315,emendes8q@si.edu
316,Dr,Non-Fiction,1823,125.03,316,4/13/1973,Brazil,316,icancellario8r@nps.gov
317,Dr,Romance,1908,946.65,317,12/18/1968,China,317,vshilleto8s@networkadvertising.org
318,Ms,Science Fiction,1949,435.13,318,2/23/1914,Indonesia,318,thiggoe8t@moonfruit.com
319,Mrs,Romance,1950,93.62,319,11/23/1991,Philippines,319,rmccready8u@bbb.org
320,Mr,Mystery,1854,228.33,320,5/30/1914,Portugal,320,erockhall8v@cbsnews.com
321,Rev,Science Fiction,1965,441.4,321,12/30/1985,China,321,awardington8w@blogtalkradio.com
322,Honorable,Non-Fiction,2021,324.33,322,12/8/1928,China,322,sguesford8x@live.com
323,Honorable,Romance,1800,885.01,323,8/23/1929,Mozambique,323,jroney8y@google.es
324,Mr,Non-Fiction,1893,261.79,324,1/26/1995,Croatia,324,srugg8z@ox.ac.uk
325,Dr,Non-Fiction,1918,151.49,325,2/12/1910,United States,325,gklimentyonok90@alibaba.com
326,Dr,Mystery,2022,76.09,326,6/12/1958,Kyrgyzstan,326,orattray91@nymag.com
327,Ms,Fiction,1938,383.01,327,11/13/1917,Croatia,327,jyurtsev92@oaic.gov.au
328,Mr,Non-Fiction,1851,465.99,328,10/17/1952,Indonesia,328,phaggleton93@ucla.edu
329,Dr,Mystery,1969,619.93,329,12/7/1942,South Korea,329,rmcnaught94@dedecms.com
330,Mr,Mystery,1923,51.75,330,7/7/1906,Peru,330,ccaselli95@ft.com
331,Honorable,Mystery,2017,304.1,331,6/30/1908,Croatia,331,rjoscelyn96@kickstarter.com
332,Dr,Non-Fiction,1949,337.46,332,12/27/1980,China,332,jskurray97@businessinsider.com
333,Ms,Science Fiction,1875,592.0,333,3/14/1969,Japan,333,rmaxsted98@so-net.ne.jp
334,Mrs,Mystery,2019,884.48,334,4/8/1940,Sweden,334,sdullard99@mit.edu
335,Ms,Romance,1819,766.83,335,8/10/1913,Colombia,335,akneller9a@sciencedirect.com
336,Mrs,Non-Fiction,1902,692.15,336,2/6/1948,Honduras,336,tkabsch9b@sphinn.com
337,Rev,Science Fiction,1881,17.5,337,3/12/1984,Peru,337,kseston9c@craigslist.org
338,Ms,Non-Fiction,1880,199.77,338,11/13/1993,Ukraine,338,gdils9d@hc360.com
339,Dr,Fiction,1986,584.67,339,4/20/1949,Thailand,339,kgummie9e@xing.com
340,Mr,Non-Fiction,1903,276.81,340,1/22/1941,United States,340,kbordessa9f@geocities.com
341,Rev,Fiction,1836,30.46,341,7/2/1941,Morocco,341,dleask9g@census.gov
342,Dr,Science Fiction,1881,835.19,342,3/31/1995,Indonesia,342,atrueman9h@slashdot.org
343,Honorable,Science Fiction,1801,368.93,343,9/15/1906,China,343,rmcvie9i@gmpg.org
344,Rev,Fiction,1830,361.12,344,1/15/1989,China,344,tmcinulty9j@hugedomains.com
345,Dr,Mystery,1853,428.14,345,10/23/1938,Peru,345,hhartshorne9k@trellian.com
346,Dr,Fiction,1916,119.47,346,9/23/1949,China,346,ghounsome9l@1688.com
347,Mr,Non-Fiction,1913,742.93,347,12/11/1907,France,347,pkops9m@youku.com
348,Ms,Non-Fiction,1892,10.82,348,8/4/1993,Georgia,348,flotherington9n@economist.com
349,Mrs,Romance,1865,552.81,349,11/7/1964,Sweden,349,erate9o@skype.com
350,Mr,Romance,1874,376.79,350,8/17/1917,South Africa,350,mcicconetti9p@issuu.com
351,Mrs,Mystery,1946,776.26,351,4/15/1972,Sweden,351,llatey9q@bravesites.com
352,Mr,Mystery,1880,484.25,352,5/26/1923,France,352,bsprull9r@trellian.com
353,Mrs,Non-Fiction,1984,158.83,353,11/8/1988,France,353,jmcquaker9s@blinklist.com
354,Dr,Fiction,1840,98.39,354,11/12/1970,Russia,354,ppaiton9t@lulu.com
355,Rev,Non-Fiction,1988,94.57,355,6/4/1920,Sweden,355,vclelland9u@delicious.com
356,Rev,Fiction,1835,660.98,356,1/27/1905,Tajikistan,356,doulet9v@statcounter.com
357,Mrs,Science Fiction,1905,542.11,357,6/23/1985,China,357,cnanson9w@istockphoto.com
358,Ms,Science Fiction,1891,195.93,358,4/1/1950,Philippines,358,vpigford9x@bbb.org
359,Mrs,Romance,1802,299.41,359,11/20/1918,Portugal,359,abedlington9y@sbwire.com
360,Honorable,Mystery,2011,537.49,360,10/27/1900,Indonesia,360,jadelsberg9z@mediafire.com
361,Ms,Romance,1845,813.03,361,6/12/1903,Gambia,361,gbowesa0@patch.com
362,Ms,Mystery,1999,328.03,362,1/1/1985,China,362,hdundridgea1@howstuffworks.com
363,Ms,Non-Fiction,2006,546.15,363,6/3/1905,China,363,gcreusa2@discovery.com
364,Rev,Romance,1887,678.44,364,8/17/1958,China,364,dmachela3@phoca.cz
365,Rev,Romance,2011,997.01,365,4/2/1950,China,365,agarya4@imgur.com
366,Dr,Mystery,1969,224.77,366,6/11/1962,Indonesia,366,acrossera5@wp.com
367,Dr,Romance,1992,395.8,367,11/4/1956,Poland,367,efitzpayna6@feedburner.com
368,Mrs,Science Fiction,2003,267.69,368,1/10/1979,Indonesia,368,epassiea7@printfriendly.com
369,Ms,Fiction,2001,866.32,369,9/25/1949,United States,369,dfantona8@skype.com
370,Rev,Non-Fiction,1952,596.5,370,9/19/1977,Thailand,370,schaucera9@pen.io
371,Mr,Romance,1841,485.28,371,5/23/1905,Estonia,371,whasteraa@miitbeian.gov.cn
372,Honorable,Mystery,2005,522.58,372,12/21/1941,Poland,372,biwanickiab@moonfruit.com
373,Honorable,Romance,1881,399.61,373,11/8/1934,China,373,abengtsonac@bbb.org
374,Dr,Fiction,1874,406.77,374,1/29/1962,Tanzania,374,syoskowitzad@goo.ne.jp
375,Ms,Science Fiction,1991,971.41,375,1/8/1907,China,375,sreichardtae@apple.com
376,Mrs,Non-Fiction,1801,3.26,376,1/4/1971,Portugal,376,dmccriskenaf@sakura.ne.jp
377,Ms,Fiction,1901,270.02,377,4/29/1972,Philippines,377,bdriverag@go.com
378,Mr,Romance,1936,130.74,378,12/27/1949,Poland,378,clevershaah@netlog.com
379,Dr,Romance,1957,201.2,379,8/18/1976,Bosnia and Herzegovina,379,dskivingtonai@taobao.com
380,Dr,Non-Fiction,1998,575.6,380,1/22/1956,Angola,380,rtinniswoodaj@blogs.com
381,Dr,Romance,1940,270.41,381,4/26/1914,Spain,381,nhewlingsak@cam.ac.uk
382,Mr,Fiction,1890,74.89,382,7/22/1983,South Korea,382,wsarveral@mozilla.com
383,Mr,Romance,1885,245.41,383,1/12/1962,Indonesia,383,dlemaryam@msn.com
384,Rev,Romance,1867,4.71,384,2/26/1965,China,384,hthurstancean@cpanel.net
385,Ms,Romance,1829,888.3,385,1/25/1919,Poland,385,elongao@amazon.co.jp
386,Mr,Science Fiction,1921,748.8,386,5/31/1911,France,386,rsegoeap@multiply.com
387,Rev,Fiction,1841,13.62,387,3/14/1983,Czech Republic,387,lluardaq@bandcamp.com
388,Honorable,Fiction,2022,231.37,388,3/25/1971,China,388,rkapelhoffar@cloudflare.com
389,Mrs,Non-Fiction,2001,744.62,389,3/24/1915,China,389,bsymmsas@wix.com
390,Rev,Romance,1839,364.41,390,7/14/1947,China,390,rcamiesat@squidoo.com
391,Mrs,Science Fiction,1919,720.87,391,7/9/1960,Syria,391,lureau@unc.edu
392,Dr,Fiction,1847,192.48,392,5/25/1900,Hungary,392,cmapplesav@psu.edu
393,Mr,Non-Fiction,1849,186.22,393,9/7/1996,Russia,393,etarbertaw@ning.com
394,Rev,Science Fiction,1941,97.65,394,6/22/1906,Czech Republic,394,mwaleax@indiatimes.com
395,Mrs,Fiction,1873,411.44,395,3/31/1939,Czech Republic,395,klegrysay@elpais.com
396,Dr,Science Fiction,1973,682.66,396,11/10/1990,China,396,fvallackaz@360.cn
397,Mrs,Non-Fiction,1821,408.88,397,12/3/1954,Philippines,397,tspragueb0@ucla.edu
398,Ms,Science Fiction,1959,972.51,398,6/22/1907,Indonesia,398,acathenodb1@unesco.org
399,Mrs,Fiction,2022,660.44,399,7/3/1910,Brazil,399,dwaseb2@360.cn
400,Rev,Science Fiction,1975,264.77,400,11/11/1986,Indonesia,400,rbrandinb3@lycos.com
401,Ms,Science Fiction,1997,344.42,401,10/20/1987,Chile,401,tloutheaneb4@1688.com
402,Ms,Mystery,1978,807.97,402,5/17/1910,Portugal,402,rtapsonb5@globo.com
403,Rev,Romance,1980,199.9,403,4/21/1942,Venezuela,403,rbretherickb6@yellowbook.com
404,Mrs,Science Fiction,1843,600.77,404,12/6/1957,Canada,404,mstifeb7@myspace.com
405,Dr,Romance,1814,400.32,405,9/23/1972,Argentina,405,aprebleb8@wordpress.com
406,Honorable,Non-Fiction,2009,59.96,406,9/7/1992,Sudan,406,mmcorkilb9@umich.edu
407,Rev,Mystery,1872,170.18,407,2/1/1931,Finland,407,socollopyba@dmoz.org
408,Dr,Romance,1887,183.92,408,4/12/1903,China,408,abarttrumbb@rambler.ru
409,Ms,Science Fiction,1827,954.39,409,12/23/1956,Armenia,409,arenggerbc@linkedin.com
410,Ms,Non-Fiction,1951,265.72,410,7/1/1975,China,410,dlethambd@princeton.edu
411,Honorable,Romance,1863,226.7,411,5/21/1951,China,411,kkiehnltbe@over-blog.com
412,Dr,Mystery,1936,597.75,412,9/15/1951,Poland,412,sglyssannebf@g.co
413,Honorable,Non-Fiction,1932,633.96,413,6/15/1970,Philippines,413,shedleybg@umn.edu
414,Rev,Romance,1976,191.23,414,1/10/1996,Russia,414,akinghornbh@blogs.com
415,Dr,Fiction,1826,510.31,415,9/23/1992,Indonesia,415,desslementbi@123-reg.co.uk
416,Dr,Romance,1987,198.37,416,5/30/1929,Brazil,416,cbazirebj@github.com
417,Dr,Romance,1936,95.58,417,6/11/1982,United States,417,azuanbk@apple.com
418,Honorable,Romance,1909,209.53,418,7/11/1942,Ireland,418,rbelmontbl@slate.com
419,Mrs,Romance,1962,507.11,419,7/25/1923,China,419,tsutehallbm@reverbnation.com
420,Rev,Fiction,1971,906.47,420,12/3/1926,China,420,ggiblettbn@earthlink.net
421,Mr,Science Fiction,1847,907.56,421,7/9/1914,China,421,hthorowgoodbo@dmoz.org
422,Honorable,Science Fiction,1982,955.8,422,10/29/1947,United States,422,lfaudriebp@hhs.gov
423,Rev,Non-Fiction,1847,223.05,423,10/30/1932,Guinea,423,rhowsonbq@diigo.com
424,Mr,Non-Fiction,1872,637.37,424,8/14/1912,China,424,rlaiblebr@soup.io
425,Rev,Fiction,1917,122.46,425,11/3/1971,Honduras,425,horneblowbs@lulu.com
426,Dr,Science Fiction,1864,802.12,426,1/12/1989,Republic of the Congo,426,cwinterbothambt@msu.edu
427,Ms,Non-Fiction,2006,852.25,427,5/18/1957,Indonesia,427,thayenbu@drupal.org
428,Mr,Non-Fiction,1828,328.3,428,7/21/1967,France,428,jquarrellbv@buzzfeed.com
429,Mrs,Romance,1910,182.77,429,8/8/1956,China,429,jgreenhambw@163.com
430,Dr,Science Fiction,1897,722.82,430,10/8/1922,Laos,430,dpickhaverbx@hexun.com
431,Ms,Mystery,1839,420.06,431,5/14/1947,Philippines,431,gclouttby@mapquest.com
432,Honorable,Mystery,1971,854.07,432,5/1/1996,Sweden,432,hnovisbz@paypal.com
433,Mr,Science Fiction,1999,483.45,433,1/31/1928,China,433,lspraggonc0@shinystat.com
434,Mr,Science Fiction,1832,160.03,434,11/28/1953,Japan,434,gfollisc1@usda.gov
435,Honorable,Fiction,1947,467.82,435,10/18/1926,Niger,435,whinchamc2@nyu.edu
436,Ms,Mystery,1855,310.9,436,2/22/1934,Sierra Leone,436,rblackhurstc3@wp.com
437,Mrs,Mystery,1952,274.62,437,5/18/1902,Indonesia,437,sflickerc4@alexa.com
438,Honorable,Science Fiction,1894,802.0,438,11/25/1943,Zambia,438,nknillc5@histats.com
439,Ms,Romance,1821,936.25,439,2/16/1968,Brazil,439,sjoderlic6@typepad.com
440,Mr,Non-Fiction,1919,244.97,440,7/4/1986,Indonesia,440,sobrienc7@si.edu
441,Rev,Mystery,1966,836.16,441,1/18/1941,China,441,sgrossc8@webs.com
442,Rev,Non-Fiction,1851,773.04,442,4/16/1930,Netherlands,442,dberrimanc9@mediafire.com
443,Honorable,Fiction,1923,39.21,443,4/29/1967,Albania,443,jtrattonca@simplemachines.org
444,Honorable,Fiction,1967,754.13,444,3/21/1907,Greece,444,gsouthamcb@amazonaws.com
445,Rev,Non-Fiction,1943,459.37,445,2/12/1946,Serbia,445,sgreenhalfcc@statcounter.com
446,Ms,Fiction,2000,867.4,446,1/30/1918,Kazakhstan,446,ipughsleycd@weather.com
447,Mr,Fiction,1811,214.27,447,6/29/1971,Thailand,447,sberrisfordce@zdnet.com
448,Mr,Non-Fiction,1920,109.37,448,10/8/1908,Indonesia,448,cgoalleycf@wordpress.org
449,Mrs,Fiction,1836,511.83,449,9/29/1988,Indonesia,449,edenhamcg@accuweather.com
450,Dr,Mystery,1845,899.36,450,8/20/1983,Mauritius,450,sseckomch@paypal.com
451,Honorable,Mystery,2012,407.89,451,6/21/1963,Czech Republic,451,hdysterci@eepurl.com
452,Dr,Non-Fiction,1942,4.65,452,10/24/1955,Serbia,452,greacecj@loc.gov
453,Honorable,Non-Fiction,1874,733.07,453,11/19/1929,United States,453,mcannck@comcast.net
454,Mr,Fiction,1992,845.83,454,6/29/1933,Czech Republic,454,mfitchcl@friendfeed.com
455,Honorable,Non-Fiction,1887,375.62,455,12/22/1975,France,455,styerscm@va.gov
456,Ms,Non-Fiction,1829,201.41,456,5/14/1960,Peru,456,fjarrellcn@gmpg.org
457,Honorable,Mystery,1891,692.48,457,5/1/1955,Vietnam,457,oponcefordco@1688.com
458,Ms,Fiction,1880,602.64,458,9/5/1941,Croatia,458,dmilcp@mail.ru
459,Dr,Science Fiction,1985,649.63,459,8/13/1995,Iran,459,rfrancellocq@facebook.com
460,Mr,Mystery,1958,328.76,460,12/2/1999,China,460,scarreckcr@feedburner.com
461,Ms,Non-Fiction,1913,970.04,461,7/24/1949,Spain,461,rcuschierics@privacy.gov.au
462,Ms,Romance,1816,126.24,462,10/3/1922,Philippines,462,sfobidgect@eventbrite.com
463,Ms,Non-Fiction,2019,627.28,463,6/17/1927,France,463,hruddickcu@squarespace.com
464,Ms,Non-Fiction,2009,485.34,464,10/15/1973,South Korea,464,dredmorecv@theglobeandmail.com
465,Honorable,Fiction,1826,521.23,465,1/13/1936,China,465,smanzcw@engadget.com
466,Rev,Non-Fiction,1847,321.65,466,12/27/1906,Indonesia,466,bhumphriscx@privacy.gov.au
467,Honorable,Mystery,1936,0.42,467,7/7/1957,United States,467,rclinchcy@surveymonkey.com
468,Dr,Non-Fiction,1954,780.25,468,5/28/1909,China,468,mveryardcz@jiathis.com
469,Honorable,Science Fiction,1824,651.87,469,4/18/1913,China,469,mlathleiffured0@cbc.ca
470,Mr,Science Fiction,2007,609.42,470,11/11/1954,China,470,dbresmand1@wsj.com
471,Honorable,Science Fiction,1904,377.93,471,12/10/1998,Norway,471,oezzled2@mediafire.com
472,Ms,Fiction,1840,774.31,472,12/10/1939,Philippines,472,jjohnikind3@facebook.com
473,Honorable,Non-Fiction,1855,471.03,473,3/9/1910,France,473,jcoreyd4@wix.com
474,Mr,Romance,2000,11.82,474,11/30/1923,Dominican Republic,474,wsheplandd5@abc.net.au
475,Mrs,Non-Fiction,1958,338.51,475,2/8/1986,Guatemala,475,cmcgrearyd6@prlog.org
476,Mr,Romance,1800,483.0,476,1/4/1912,Syria,476,abygreavesd7@netscape.com
477,Honorable,Non-Fiction,1858,624.72,477,12/1/1979,United States,477,chambridged8@networkadvertising.org
478,Honorable,Mystery,1993,790.22,478,8/6/1991,Canada,478,opesterfieldd9@ca.gov
479,Mr,Mystery,1922,147.7,479,11/20/1905,Benin,479,jhansillda@state.gov
480,Dr,Mystery,1811,799.66,480,4/4/1997,Russia,480,cpaishdb@time.com
481,Mrs,Fiction,1819,545.28,481,5/19/1993,Finland,481,acoatendc@ted.com
482,Dr,Fiction,1877,877.75,482,3/26/1905,Brazil,482,atarpeydd@4shared.com
483,Honorable,Non-Fiction,1943,656.33,483,6/28/1963,Philippines,483,hmereweatherde@oracle.com
484,Mrs,Mystery,1843,39.57,484,9/8/1941,Brazil,484,acronindf@sfgate.com
485,Mrs,Science Fiction,2019,868.51,485,7/2/1965,Colombia,485,rchattelainedg@weebly.com
486,Mr,Fiction,1948,859.14,486,12/30/1987,Denmark,486,aguerrazzidh@myspace.com
487,Rev,Mystery,1957,694.8,487,5/19/1965,Indonesia,487,vsteendi@wikimedia.org
488,Mrs,Mystery,1997,291.99,488,9/14/1906,Indonesia,488,jsonleydj@wp.com
489,Rev,Mystery,1954,923.16,489,6/5/1969,Portugal,489,jblucherdk@php.net
490,Dr,Science Fiction,1896,36.48,490,1/20/1962,Yemen,490,barchboulddl@usatoday.com
491,Dr,Non-Fiction,1871,329.18,491,10/14/1913,Peru,491,ragusdm@webs.com
492,Honorable,Romance,1946,32.33,492,6/5/1992,Philippines,492,cdodswelldn@timesonline.co.uk
493,Honorable,Fiction,1892,388.01,493,1/16/1936,United Kingdom,493,jrideoutdo@soup.io
494,Honorable,Romance,1994,342.39,494,4/14/1905,Philippines,494,arattraydp@taobao.com
495,Dr,Romance,1863,121.78,495,12/12/1984,United States,495,pharrisdq@wordpress.com
496,Rev,Romance,1977,312.62,496,2/19/1904,Thailand,496,bbollerdr@friendfeed.com
497,Honorable,Science Fiction,1844,180.83,497,6/24/1985,China,497,ecaselyds@whitehouse.gov
498,Ms,Fiction,1884,531.59,498,2/27/1926,Poland,498,mreymersdt@skype.com
499,Mrs,Fiction,1936,302.96,499,9/4/1999,Portugal,499,lelegooddu@amazonaws.com
500,Dr,Romance,1952,292.36,500,1/21/1949,Japan,500,lodalydv@mlb.com
501,Mr,Fiction,2000,859.41,501,4/10/1964,Croatia,501,kkristofdw@nbcnews.com
502,Rev,Fiction,1885,713.31,502,3/5/1954,Kazakhstan,502,abaistowdx@europa.eu
503,Mr,Mystery,1818,894.99,503,10/28/1955,Indonesia,503,sgarndy@state.tx.us
504,Honorable,Mystery,1993,82.43,504,5/12/1918,Philippines,504,mcobbydz@dmoz.org
505,Dr,Science Fiction,1810,750.62,505,9/8/1940,Russia,505,eslaughtere0@imdb.com
506,Mrs,Romance,2007,396.99,506,9/11/1991,Ukraine,506,ulinehame1@mashable.com
507,Honorable,Romance,1890,778.71,507,9/2/1972,Poland,507,cbartolijne2@netvibes.com
508,Ms,Romance,1957,790.54,508,12/24/1920,Indonesia,508,apagele3@amazon.de
509,Honorable,Mystery,1937,635.5,509,12/19/1994,Portugal,509,vmariee4@businessinsider.com
510,Mrs,Romance,1930,76.29,510,4/29/1987,China,510,jdukere5@plala.or.jp
511,Mrs,Science Fiction,1911,955.86,511,11/23/1977,Liberia,511,agolsbye6@youtu.be
512,Rev,Science Fiction,1962,486.73,512,3/26/1904,Russia,512,cmarrette7@marriott.com
513,Ms,Non-Fiction,1970,80.1,513,2/19/1909,Indonesia,513,hwalforde8@squarespace.com
514,Ms,Romance,1983,169.01,514,9/21/1986,Poland,514,astearte9@nydailynews.com
515,Ms,Romance,1947,937.3,515,2/26/1985,Portugal,515,gvaltiea@livejournal.com
516,Ms,Fiction,1891,925.56,516,9/5/1932,United States,516,gchippendaleeb@nature.com
517,Mrs,Science Fiction,1943,821.06,517,5/26/1915,Poland,517,oeastopec@soup.io
518,Mrs,Fiction,1892,975.64,518,11/18/1957,Canada,518,lcraggsed@usgs.gov
519,Rev,Romance,1937,376.66,519,4/21/1950,Brazil,519,iarnollee@sogou.com
520,Mr,Romance,1923,95.9,520,11/6/1964,China,520,cmcgaffeyef@ftc.gov
521,Ms,Fiction,1855,999.95,521,3/11/1980,Afghanistan,521,mselvestereg@bing.com
522,Mrs,Fiction,1967,223.76,522,11/22/1980,Indonesia,522,rlinnardeh@hibu.com
523,Dr,Mystery,1938,380.52,523,4/3/1923,Indonesia,523,nglennyei@shutterfly.com
524,Mr,Fiction,1850,42.96,524,3/8/1911,China,524,adunnawayej@yahoo.com
525,Mr,Fiction,2010,535.72,525,7/30/1947,China,525,kcolterek@nationalgeographic.com
526,Mrs,Mystery,1985,994.74,526,9/12/1997,France,526,mlynettel@tripod.com
527,Ms,Non-Fiction,1919,819.7,527,5/25/1971,Russia,527,dvaughnem@google.fr
528,Honorable,Science Fiction,1992,515.43,528,10/16/1926,Argentina,528,tponceten@auda.org.au
529,Honorable,Science Fiction,1916,202.17,529,9/14/1961,Philippines,529,glyffeeo@addtoany.com
530,Mrs,Fiction,1920,944.35,530,1/31/1992,Brazil,530,dsavileep@devhub.com
531,Rev,Mystery,1822,829.26,531,9/24/1920,Russia,531,bdomleoeq@angelfire.com
532,Honorable,Romance,1897,871.26,532,5/24/1965,Palestinian Territory,532,qmarlinger@privacy.gov.au
533,Honorable,Non-Fiction,1958,897.42,533,12/3/1918,United States,533,glouthees@mlb.com
534,Mrs,Mystery,1879,0.14,534,5/30/1902,Lithuania,534,eandrelliet@vimeo.com
535,Mr,Romance,1839,667.66,535,1/23/1934,France,535,rlydoneu@timesonline.co.uk
536,Rev,Romance,2011,432.02,536,7/25/1970,France,536,cwigglesworthev@privacy.gov.au
537,Honorable,Romance,1960,720.09,537,5/11/1929,Philippines,537,frodrigew@google.com
538,Dr,Romance,1925,170.16,538,12/19/1994,Chile,538,clewteyex@amazon.de
539,Dr,Romance,1951,221.23,539,4/10/1997,China,539,dtilneyey@guardian.co.uk
540,Mr,Non-Fiction,1842,532.67,540,5/28/1948,Venezuela,540,nhuglandez@cargocollective.com
541,Mrs,Fiction,1886,510.38,541,9/13/1903,Mexico,541,rnorquoyf0@yale.edu
542,Mr,Non-Fiction,1928,269.75,542,3/4/1913,Russia,542,tashmanf1@wikispaces.com
543,Honorable,Mystery,1941,580.24,543,9/7/1992,Indonesia,543,rwaterf2@marriott.com
544,Honorable,Non-Fiction,1977,635.9,544,3/4/1900,Ukraine,544,dmansfordf3@blogger.com
545,Mrs,Fiction,1984,957.32,545,11/26/1923,Russia,545,fbramptonf4@bbb.org
546,Mr,Non-Fiction,1841,105.17,546,3/11/1968,Jordan,546,cunderhillf5@multiply.com
547,Rev,Mystery,1819,437.78,547,9/20/1938,Czech Republic,547,tbragancaf6@mashable.com
548,Dr,Romance,1927,722.39,548,9/11/1964,Philippines,548,smedlingf7@huffingtonpost.com
549,Mrs,Fiction,1977,523.12,549,8/26/1974,China,549,dnewcomef8@arstechnica.com
550,Mrs,Non-Fiction,1886,127.81,550,2/26/1979,Philippines,550,dunderhillf9@instagram.com
551,Ms,Science Fiction,1918,810.0,551,4/6/1960,Philippines,551,kcowlamfa@yandex.ru
552,Mr,Romance,1856,950.38,552,12/3/1909,Russia,552,cfearnfb@facebook.com
553,Honorable,Non-Fiction,1901,556.07,553,10/10/1917,Russia,553,bswannefc@mapquest.com
554,Rev,Non-Fiction,1945,639.66,554,7/20/1950,Canada,554,giddisonfd@skype.com
555,Rev,Romance,1972,703.28,555,3/15/1943,Greece,555,ktongefe@about.com
556,Mrs,Romance,1864,526.25,556,1/12/1993,Philippines,556,lgadneyff@boston.com
557,Mrs,Fiction,1986,714.87,557,10/5/1976,Russia,557,bkingefg@w3.org
558,Rev,Non-Fiction,1969,509.04,558,12/26/1960,Russia,558,jclifffh@whitehouse.gov
559,Mr,Romance,2004,640.71,559,12/18/1999,China,559,epolleyefi@mtv.com
560,Mr,Fiction,1920,196.57,560,2/25/1960,Mexico,560,ewhilefj@ft.com
561,Mrs,Romance,2007,729.3,561,7/25/1985,Armenia,561,cgiuronifk@ucoz.ru
562,Rev,Science Fiction,2010,108.18,562,9/20/1975,China,562,scolleltonfl@freewebs.com
563,Rev,Mystery,1862,63.07,563,4/27/1951,Bulgaria,563,dstallworthfm@umn.edu
564,Mrs,Fiction,1918,504.04,564,12/17/1982,China,564,jemanuelfn@live.com
565,Mrs,Non-Fiction,1931,388.55,565,6/29/1956,China,565,dscutchinfo@unicef.org
566,Ms,Science Fiction,2004,248.97,566,9/30/1900,United States,566,jantonichfp@hc360.com
567,Rev,Fiction,1879,279.14,567,6/16/1908,Philippines,567,acorringhamfq@mail.ru
568,Dr,Romance,1949,856.72,568,6/10/1983,China,568,icockingsfr@blogtalkradio.com
569,Honorable,Mystery,1971,991.46,569,3/30/1996,Argentina,569,ncoglefs@cargocollective.com
570,Mr,Science Fiction,1973,712.52,570,5/30/1936,Colombia,570,vbowenft@cbslocal.com
571,Rev,Non-Fiction,1932,606.64,571,8/21/1903,France,571,jhughlandfu@japanpost.jp
572,Mrs,Fiction,1944,475.3,572,12/11/1968,China,572,iquartermanfv@goodreads.com
573,Ms,Mystery,1831,684.18,573,9/16/1906,China,573,mterneyfw@ezinearticles.com
574,Ms,Non-Fiction,1825,997.45,574,2/8/1900,Cameroon,574,dchessilfx@xrea.com
575,Ms,Mystery,1980,934.05,575,5/29/1984,Kosovo,575,alafeefy@wired.com
576,Mr,Non-Fiction,1988,796.21,576,7/5/1962,Brazil,576,pspringellfz@cbslocal.com
577,Honorable,Science Fiction,1935,571.32,577,6/28/1904,China,577,mchilesg0@mit.edu
578,Mrs,Non-Fiction,1999,943.14,578,4/12/1929,Mexico,578,kgheraldig1@bloglines.com
579,Mr,Science Fiction,1848,368.08,579,7/24/1941,Argentina,579,nalbinsong2@hibu.com
580,Dr,Mystery,1919,282.74,580,2/4/1984,Ireland,580,rgartenfeldg3@indiegogo.com
581,Honorable,Fiction,1839,495.38,581,4/11/1984,Ukraine,581,bfeatherstoneg4@dion.ne.jp
582,Ms,Non-Fiction,1881,683.17,582,3/3/1967,Indonesia,582,mfindeng5@addthis.com
583,Ms,Romance,2003,45.45,583,4/30/1905,Philippines,583,dmcmeartyg6@reuters.com
584,Rev,Science Fiction,1936,580.51,584,1/5/1999,Albania,584,nwonhamg7@yandex.ru
585,Rev,Mystery,1832,124.75,585,8/19/1932,Russia,585,ljacmardg8@ed.gov
586,Mrs,Fiction,2010,324.44,586,2/1/1942,Indonesia,586,msalatinog9@wisc.edu
587,Mrs,Non-Fiction,1910,785.87,587,11/23/1975,Czech Republic,587,rmcartga@hugedomains.com
588,Rev,Science Fiction,1996,396.86,588,4/29/1992,China,588,ptetsallgb@blogger.com
589,Mr,Non-Fiction,1934,336.32,589,10/15/1952,Ukraine,589,wvondrasekgc@facebook.com
590,Dr,Fiction,1831,641.83,590,10/21/1901,Saint Kitts and Nevis,590,shucklebygd@adobe.com
591,Mr,Romance,1843,276.04,591,12/31/1907,China,591,cargilege@nsw.gov.au
592,Mrs,Non-Fiction,1965,46.71,592,2/7/1906,Poland,592,okillingbeckgf@e-recht24.de
593,Dr,Romance,1807,125.66,593,2/23/1955,Peru,593,csponergg@imgur.com
594,Mrs,Fiction,1840,899.34,594,3/18/1999,Ukraine,594,rslarkgh@nyu.edu
595,Honorable,Mystery,1804,435.82,595,2/15/1926,Indonesia,595,wcharpingi@technorati.com
596,Dr,Romance,1945,440.18,596,3/11/1981,Egypt,596,jfullilovegj@tinypic.com
597,Mrs,Fiction,1873,585.96,597,3/15/1913,Philippines,597,ledgingtongk@house.gov
598,Honorable,Romance,1879,45.79,598,10/22/1903,Russia,598,aimesengl@umich.edu
599,Mrs,Fiction,1901,124.77,599,6/3/1944,Russia,599,kbrientgm@symantec.com
600,Dr,Non-Fiction,1938,867.85,600,7/27/1933,Portugal,600,mstewardgn@yale.edu
601,Rev,Science Fiction,1903,866.9,601,7/12/1991,China,601,jportalgo@disqus.com
602,Mr,Science Fiction,2017,152.08,602,8/3/1938,China,602,neckhardgp@facebook.com
603,Rev,Romance,1846,434.53,603,9/4/1901,Portugal,603,rprestedgegq@symantec.com
604,Mrs,Science Fiction,1899,547.54,604,8/11/1945,Portugal,604,greapgr@woothemes.com
605,Dr,Non-Fiction,1828,417.93,605,4/29/1921,Brazil,605,omarcinkusgs@fotki.com
606,Rev,Fiction,1970,336.12,606,12/9/1950,Ukraine,606,hackermangt@bing.com
607,Ms,Science Fiction,1838,974.01,607,9/27/1976,Indonesia,607,hadamecgu@adobe.com
608,Mrs,Non-Fiction,1874,981.59,608,8/14/1962,Brazil,608,sbullargv@wp.com
609,Rev,Mystery,1947,184.44,609,10/15/1960,Russia,609,kmacclanceygw@cpanel.net
610,Ms,Science Fiction,1966,546.88,610,8/7/1933,France,610,tbaldrickgx@webs.com
611,Mrs,Science Fiction,2009,640.18,611,5/5/1930,Poland,611,mtreskegy@springer.com
612,Mr,Fiction,2004,541.32,612,2/22/1967,Sweden,612,lpaviagz@soup.io
613,Honorable,Science Fiction,1915,787.55,613,12/5/1925,China,613,aizakoffh0@apple.com
614,Ms,Romance,1812,614.42,614,5/1/1934,China,614,tgleetonh1@altervista.org
615,Honorable,Science Fiction,1970,831.65,615,6/23/1988,Nicaragua,615,proddieh2@jimdo.com
616,Mrs,Science Fiction,1919,536.0,616,2/19/1964,Venezuela,616,fjevonh3@netvibes.com
617,Mr,Science Fiction,2003,617.99,617,7/3/1926,Czech Republic,617,bdraperh4@smh.com.au
618,Mrs,Science Fiction,2001,63.89,618,2/14/1997,Croatia,618,jziemkeh5@businesswire.com
619,Dr,Science Fiction,1825,562.73,619,11/2/1949,Czech Republic,619,hmeringtonh6@g.co
620,Honorable,Science Fiction,1972,588.32,620,1/15/1979,China,620,sblacklockh7@dot.gov
621,Honorable,Fiction,1916,576.08,621,9/9/1923,Greece,621,iheineckeh8@blog.com
622,Honorable,Mystery,1952,335.48,622,10/8/1984,Philippines,622,osawneyh9@friendfeed.com
623,Mrs,Fiction,1887,793.54,623,2/27/1994,China,623,chuglinha@ihg.com
624,Dr,Non-Fiction,1927,671.6,624,3/29/1941,Philippines,624,ngoranovhb@biblegateway.com
625,Mrs,Non-Fiction,1841,595.12,625,8/15/1941,Russia,625,bcolleshc@ebay.co.uk
626,Mrs,Romance,1986,231.49,626,10/26/1936,Indonesia,626,wmillishd@nbcnews.com
627,Dr,Non-Fiction,1917,508.44,627,7/24/1937,Palestinian Territory,627,obeckwithhe@google.it
628,Mrs,Romance,1832,753.8,628,9/8/1909,New Zealand,628,shaberghamhf@mapquest.com
629,Mr,Romance,1927,47.32,629,4/27/1931,Philippines,629,acarlyonhg@dedecms.com
630,Dr,Romance,1959,445.9,630,2/25/1989,Indonesia,630,askeemorhh@smh.com.au
631,Honorable,Science Fiction,1921,647.85,631,8/21/1992,United States,631,sbroadbridgehi@hhs.gov
632,Rev,Mystery,1826,892.22,632,8/18/1908,Philippines,632,bpaulazzihj@cam.ac.uk
633,Mr,Science Fiction,1929,618.89,633,11/4/1949,South Africa,633,ahaenselhk@simplemachines.org
634,Ms,Romance,2018,548.29,634,8/8/1917,Indonesia,634,smctrustriehl@netscape.com
635,Dr,Science Fiction,1857,239.33,635,2/19/1913,Peru,635,htestinhm@multiply.com
636,Mrs,Mystery,1965,748.35,636,4/26/1953,Bulgaria,636,mskeenehn@illinois.edu
637,Mrs,Mystery,1946,892.68,637,4/8/1938,France,637,amusickaho@biglobe.ne.jp
638,Mrs,Non-Fiction,1946,273.12,638,11/23/1995,Indonesia,638,gciraldohp@linkedin.com
639,Dr,Mystery,2011,376.14,639,9/4/1911,Japan,639,vbarthhq@myspace.com
640,Mr,Non-Fiction,1892,235.87,640,7/27/1936,Indonesia,640,gwalentynowiczhr@twitpic.com
641,Mrs,Romance,1884,653.04,641,4/30/1987,China,641,odimberlinehs@dropbox.com
642,Ms,Fiction,1865,996.6,642,7/8/1980,Japan,642,nwipperht@booking.com
643,Ms,Science Fiction,1831,250.89,643,9/11/1925,Bulgaria,643,jrockwillhu@nps.gov
644,Dr,Romance,1988,320.59,644,6/29/1993,China,644,bmatiashvilihv@mayoclinic.com
645,Mrs,Fiction,1961,650.33,645,5/2/1928,China,645,mrosehw@plala.or.jp
646,Dr,Non-Fiction,2011,982.09,646,4/19/1919,France,646,pstonehamhx@phpbb.com
647,Mrs,Non-Fiction,1894,187.6,647,11/3/1963,China,647,oboltehy@narod.ru
648,Rev,Fiction,1906,701.5,648,7/6/1912,Myanmar,648,friggeardhz@omniture.com
649,Ms,Science Fiction,1987,342.13,649,1/21/1959,China,649,cmuckersiei0@hhs.gov
650,Mr,Non-Fiction,1936,648.13,650,3/14/1988,China,650,eevisoni1@marriott.com
651,Ms,Non-Fiction,1846,237.56,651,12/21/1940,China,651,dattwelli2@etsy.com
652,Rev,Romance,1836,757.63,652,12/8/1971,China,652,gbastonei3@home.pl
653,Dr,Mystery,1968,666.2,653,4/2/1971,Czech Republic,653,gmundowi4@1und1.de
654,Mrs,Mystery,1948,856.62,654,9/11/1987,Cameroon,654,bcrippsi5@home.pl
655,Ms,Science Fiction,1870,43.43,655,6/7/1931,Slovenia,655,abarbouri6@surveymonkey.com
656,Ms,Mystery,1976,354.59,656,12/3/1987,Netherlands,656,nworneri7@statcounter.com
657,Rev,Science Fiction,2001,916.3,657,10/23/1993,Indonesia,657,egermoni8@foxnews.com
658,Rev,Mystery,1952,109.02,658,12/20/1972,Portugal,658,avanrembrandti9@rambler.ru
659,Rev,Fiction,1987,793.03,659,3/3/1943,Tanzania,659,mcapineeria@nps.gov
660,Ms,Fiction,1805,325.41,660,1/20/1940,China,660,eciccoloiib@vkontakte.ru
661,Rev,Romance,1962,749.9,661,1/5/1985,Argentina,661,mbattlesonic@nasa.gov
662,Honorable,Science Fiction,1919,917.53,662,8/3/1958,Thailand,662,driccoid@msn.com
663,Ms,Mystery,1860,47.12,663,10/26/1955,Brazil,663,pshinnerie@pagesperso-orange.fr
664,Rev,Romance,1902,894.06,664,11/16/1930,United States,664,bscouseif@mediafire.com
665,Mrs,Romance,1882,126.35,665,8/7/1928,Pakistan,665,nlassellig@ask.com
666,Honorable,Science Fiction,1892,806.53,666,8/19/1994,Philippines,666,cernshawih@netlog.com
667,Honorable,Non-Fiction,1828,489.82,667,11/8/1979,Argentina,667,rgianoloii@smh.com.au
668,Mr,Non-Fiction,1846,622.27,668,10/8/1914,Poland,668,psammonsij@de.vu
669,Ms,Science Fiction,1912,185.61,669,10/28/1929,Sweden,669,swhittickik@answers.com
670,Mrs,Romance,1805,395.1,670,4/5/1930,China,670,askeldonil@symantec.com
671,Honorable,Science Fiction,1826,485.27,671,7/27/1947,Czech Republic,671,dkirschim@google.com
672,Ms,Romance,1824,947.93,672,3/4/1918,China,672,mfaulknerin@google.co.uk
673,Mr,Mystery,2008,810.22,673,1/12/1925,China,673,jkunaio@un.org
674,Mrs,Fiction,2000,750.06,674,9/28/1998,Thailand,674,aearingeyip@studiopress.com
675,Honorable,Non-Fiction,1813,234.95,675,8/29/1906,Chile,675,aurwiniq@naver.com
676,Honorable,Science Fiction,2009,541.79,676,6/17/1984,Indonesia,676,zmcgarrityir@blogspot.com
677,Dr,Science Fiction,1959,941.74,677,11/19/1976,United States,677,rdearsleyis@weibo.com
678,Rev,Mystery,1802,840.16,678,2/10/1988,Portugal,678,natkirkit@taobao.com
679,Ms,Fiction,1999,296.79,679,9/18/1996,France,679,aferyiu@disqus.com
680,Mr,Science Fiction,1812,503.96,680,3/1/1941,Mongolia,680,rwanstalliv@icq.com
681,Honorable,Mystery,1960,227.38,681,9/3/1927,Indonesia,681,srealiw@answers.com
682,Mr,Science Fiction,1806,310.15,682,4/6/1979,Russia,682,astutteix@acquirethisname.com
683,Mr,Romance,1817,75.42,683,9/3/1956,France,683,tkohrdingiy@devhub.com
684,Mr,Non-Fiction,1946,78.21,684,1/30/1905,China,684,dshepherdiz@wired.com
685,Mr,Mystery,1955,888.31,685,10/13/1922,Colombia,685,tluggarj0@netvibes.com
686,Ms,Non-Fiction,1850,689.26,686,9/19/1984,France,686,mpigfordj1@google.com.br
687,Dr,Romance,1907,287.94,687,5/29/1906,Colombia,687,fstockj2@typepad.com
688,Mr,Romance,1826,778.7,688,2/15/1902,Poland,688,pbackshellj3@stanford.edu
689,Ms,Science Fiction,1806,142.86,689,2/16/1935,Mexico,689,hnorcliffej4@nsw.gov.au
690,Dr,Science Fiction,1965,197.25,690,7/7/1928,Pakistan,690,ebuckstonj5@state.gov
691,Honorable,Romance,1828,942.58,691,10/13/1928,Ukraine,691,swrathallj6@businesswire.com
692,Rev,Science Fiction,1971,142.58,692,1/23/1924,Peru,692,elownesj7@alibaba.com
693,Mr,Romance,1893,2.95,693,10/17/1903,Czech Republic,693,dgronowj8@gravatar.com
694,Dr,Non-Fiction,1994,418.53,694,2/28/1989,Brazil,694,rdeavillej9@hatena.ne.jp
695,Rev,Mystery,1846,17.24,695,3/16/1966,Indonesia,695,tbenediktssonja@va.gov
696,Ms,Non-Fiction,1813,631.85,696,8/19/1962,United States,696,cvogeljb@theguardian.com
697,Mrs,Non-Fiction,1977,882.95,697,8/5/1986,Paraguay,697,jdurmanjc@google.de
698,Mrs,Fiction,1911,688.26,698,11/29/1938,Colombia,698,econwsjd@weibo.com
699,Ms,Mystery,1989,381.38,699,8/24/1997,France,699,amckellenje@prweb.com
700,Mrs,Science Fiction,1935,991.46,700,2/1/1947,Croatia,700,cfearbyjf@netscape.com
701,Rev,Non-Fiction,1929,73.26,701,7/4/1903,France,701,alanpherejg@live.com
702,Dr,Romance,1819,240.72,702,8/30/1933,Luxembourg,702,mballentimejh@oakley.com
703,Rev,Mystery,1987,606.15,703,12/2/1928,Indonesia,703,arennlesji@wisc.edu
704,Dr,Romance,1998,748.88,704,12/15/1968,Russia,704,debournejj@marketwatch.com
705,Rev,Romance,1881,870.67,705,9/27/1999,Sweden,705,igreginejk@uol.com.br
706,Dr,Non-Fiction,1845,422.69,706,9/1/1949,Philippines,706,tjoannicjl@va.gov
707,Dr,Fiction,1891,590.21,707,6/23/1923,Czech Republic,707,kreahjm@reference.com
708,Ms,Fiction,1813,189.57,708,11/3/1930,United States,708,wmatijevicjn@comcast.net
709,Mr,Science Fiction,1907,160.06,709,5/19/1938,China,709,hgourdonjo@whitehouse.gov
710,Rev,Romance,1836,967.48,710,1/23/1958,Russia,710,testcotjp@reverbnation.com
711,Ms,Romance,1809,737.85,711,3/27/1986,China,711,hkobusjq@yellowbook.com
712,Honorable,Non-Fiction,2004,843.21,712,11/19/1964,Indonesia,712,bmorbeyjr@bigcartel.com
713,Rev,Romance,1869,389.88,713,2/27/1978,China,713,mfreathyjs@nydailynews.com
714,Ms,Science Fiction,1820,382.86,714,9/24/1929,Poland,714,jmachonjt@people.com.cn
715,Honorable,Mystery,1983,690.0,715,6/26/1911,Indonesia,715,dshekleju@cmu.edu
716,Ms,Non-Fiction,1836,434.34,716,3/11/1923,Japan,716,gpundyjv@msn.com
717,Mr,Science Fiction,1850,130.43,717,3/10/1998,Philippines,717,vsawkinjw@livejournal.com
718,Rev,Science Fiction,2007,716.79,718,8/21/1989,France,718,speytonjx@china.com.cn
719,Mr,Mystery,1902,866.78,719,3/18/1934,China,719,snealandjy@naver.com
720,Honorable,Science Fiction,1837,526.42,720,8/17/1955,Indonesia,720,bmasdingjz@jalbum.net
721,Rev,Non-Fiction,1933,137.44,721,6/7/1917,Colombia,721,dmcvittiek0@sina.com.cn
722,Honorable,Mystery,1955,866.72,722,8/27/1929,Estonia,722,jgibkek1@goo.ne.jp
723,Ms,Romance,1961,443.65,723,6/10/1981,Indonesia,723,apeizerk2@a8.net
724,Mrs,Non-Fiction,1873,915.08,724,10/13/1920,China,724,dcatok3@goodreads.com
725,Ms,Mystery,1915,372.55,725,2/2/1960,China,725,hstanfordk4@hao123.com
726,Dr,Science Fiction,2006,909.1,726,10/10/1958,Indonesia,726,achampionnetk5@princeton.edu
727,Mrs,Non-Fiction,1809,848.08,727,8/23/1997,Indonesia,727,ablackallk6@lulu.com
728,Honorable,Fiction,1942,59.65,728,3/21/1966,China,728,nfolcak7@pagesperso-orange.fr
729,Mrs,Science Fiction,1888,68.62,729,7/13/1986,Egypt,729,ntrevenak8@fema.gov
730,Ms,Mystery,2004,700.21,730,11/25/1992,China,730,fsibbertk9@pagesperso-orange.fr
731,Rev,Non-Fiction,1808,790.72,731,2/15/1965,China,731,kbirtka@amazonaws.com
732,Mr,Fiction,1933,79.12,732,5/30/1987,Philippines,732,clathburykb@unicef.org
733,Honorable,Non-Fiction,1808,447.85,733,10/16/1983,Indonesia,733,lkirkmankc@printfriendly.com
734,Mr,Non-Fiction,1946,434.79,734,11/3/1969,Japan,734,eperullikd@plala.or.jp
735,Dr,Mystery,1930,789.13,735,7/7/1957,Russia,735,whatwellske@histats.com
736,Rev,Romance,1941,891.95,736,9/8/1983,Indonesia,736,gattrilkf@arizona.edu
737,Mr,Science Fiction,1912,682.46,737,2/15/1917,Japan,737,kstrydekg@usgs.gov
738,Ms,Mystery,1814,15.67,738,12/25/1975,Cameroon,738,bklaaasenkh@blogs.com
739,Mr,Science Fiction,1843,834.41,739,5/30/1995,Indonesia,739,ecritchleyki@bandcamp.com
740,Mrs,Science Fiction,1820,520.99,740,3/11/1978,Indonesia,740,rkerinkj@typepad.com
741,Ms,Romance,1913,182.26,741,10/26/1944,Portugal,741,njoblingkk@vimeo.com
742,Ms,Romance,1806,688.77,742,11/25/1907,China,742,aballendinekl@boston.com
743,Honorable,Science Fiction,1905,983.04,743,3/11/1901,China,743,eheightkm@yolasite.com
744,Rev,Non-Fiction,1954,319.34,744,1/5/1986,Philippines,744,tjouenkn@bbc.co.uk
745,Mrs,Science Fiction,2017,35.43,745,6/29/1906,Nepal,745,slathwoodko@stanford.edu
746,Ms,Romance,1947,884.33,746,5/15/1914,Nigeria,746,ggoodspeedkp@xrea.com
747,Mr,Non-Fiction,1900,964.81,747,4/30/1902,Thailand,747,gabbysskq@cdc.gov
748,Ms,Science Fiction,1815,239.46,748,7/5/1969,Norway,748,mkeaykr@ed.gov
749,Rev,Non-Fiction,1991,693.54,749,1/25/1901,Indonesia,749,aguinnks@fotki.com
750,Honorable,Science Fiction,1809,778.96,750,3/23/1941,Indonesia,750,kdymockkt@newyorker.com
751,Rev,Mystery,1824,155.18,751,3/18/1945,Peru,751,gmartinelloku@si.edu
752,Honorable,Non-Fiction,2016,999.72,752,8/21/1902,United States,752,ddavidssonkv@gmpg.org
753,Mrs,Mystery,1955,821.08,753,10/8/1975,Cameroon,753,gcoryndonkw@com.com
754,Mrs,Non-Fiction,1978,942.77,754,4/29/1972,China,754,amawbykx@census.gov
755,Ms,Romance,1901,223.57,755,5/19/1936,Brazil,755,tpenzerky@newsvine.com
756,Rev,Fiction,1887,202.76,756,12/8/1920,Madagascar,756,gkemekz@dailymotion.com
757,Mr,Non-Fiction,1940,762.65,757,4/17/1946,China,757,rmargettsl0@vimeo.com
758,Mrs,Mystery,1989,39.56,758,5/13/1946,Russia,758,zconnockl1@statcounter.com
759,Mr,Mystery,1895,263.98,759,3/18/1926,Kenya,759,cphilbrickl2@discovery.com
760,Honorable,Non-Fiction,1946,357.97,760,10/6/1926,United States,760,kseabrightl3@addthis.com
761,Dr,Science Fiction,1971,786.12,761,6/22/1996,Brazil,761,rjansl4@bloglovin.com
762,Mrs,Mystery,2019,640.14,762,4/6/1915,China,762,dlarwayl5@mediafire.com
763,Mr,Fiction,1960,336.85,763,6/4/1956,China,763,fshutlerl6@cdbaby.com
764,Rev,Mystery,1992,229.03,764,7/1/1950,United States,764,hhurchl7@plala.or.jp
765,Mr,Romance,1828,618.5,765,6/7/1924,Poland,765,jpoulgreenl8@vimeo.com
766,Mr,Romance,1956,310.95,766,10/3/1965,Philippines,766,jvosel9@angelfire.com
767,Mr,Fiction,1854,232.57,767,10/16/1912,Israel,767,bbaikela@geocities.com
768,Ms,Fiction,1951,271.71,768,1/31/1935,Bangladesh,768,eeberleinlb@patch.com
769,Mrs,Mystery,1989,239.82,769,6/21/1993,China,769,afielderlc@china.com.cn
770,Honorable,Mystery,1932,932.49,770,2/8/1925,Colombia,770,csherbrookeld@xing.com
771,Dr,Science Fiction,1819,361.86,771,6/11/1931,Nigeria,771,rjachimakle@digg.com
772,Ms,Non-Fiction,1849,323.8,772,6/27/1910,Chile,772,lbrontlf@dyndns.org
773,Mr,Mystery,1930,448.55,773,6/19/1991,China,773,adayshlg@ucoz.ru
774,Dr,Non-Fiction,2022,498.13,774,1/4/1979,Saudi Arabia,774,carborlh@house.gov
775,Mrs,Science Fiction,1805,785.69,775,10/29/1930,Bolivia,775,mmckinnellli@chronoengine.com
776,Honorable,Non-Fiction,2007,548.35,776,10/10/1938,China,776,scaplanlj@ow.ly
777,Ms,Fiction,1898,41.05,777,4/13/1932,Indonesia,777,sspiaggialk@123-reg.co.uk
778,Dr,Non-Fiction,1965,864.54,778,6/14/1908,Ukraine,778,roxnamll@virginia.edu
779,Ms,Non-Fiction,2013,603.39,779,1/18/1925,Russia,779,mjannawaylm@ehow.com
780,Rev,Science Fiction,1944,149.65,780,12/7/1959,Yemen,780,slangrishln@tripod.com
781,Mrs,Romance,1975,680.84,781,5/14/1978,Philippines,781,mdahlborglo@woothemes.com
782,Rev,Mystery,1954,216.99,782,7/28/1915,Philippines,782,jjellmanlp@oakley.com
783,Honorable,Romance,2010,199.23,783,3/13/1903,Brazil,783,gmccartlq@yellowbook.com
784,Ms,Mystery,1807,281.37,784,8/21/1996,Indonesia,784,uklynlr@imgur.com
785,Dr,Romance,1845,76.31,785,3/10/1938,Indonesia,785,truggierls@feedburner.com
786,Ms,Mystery,1876,360.53,786,12/18/1924,Sweden,786,hbutcherlt@hatena.ne.jp
787,Mrs,Mystery,1860,714.96,787,1/13/1989,China,787,dohannenlu@chronoengine.com
788,Mrs,Romance,1867,479.39,788,11/1/1998,Peru,788,gpollaklv@hud.gov
789,Dr,Mystery,1952,267.65,789,2/27/1991,Russia,789,bsharmalw@newsvine.com
790,Rev,Mystery,1992,15.71,790,5/26/1984,Ukraine,790,mroundtreelx@timesonline.co.uk
791,Ms,Science Fiction,1853,312.57,791,1/12/1958,Indonesia,791,abriteely@earthlink.net
792,Ms,Science Fiction,1837,483.99,792,7/5/1953,South Korea,792,laynoldlz@issuu.com
793,Honorable,Non-Fiction,1868,882.85,793,4/1/1967,Albania,793,afesbym0@4shared.com
794,Honorable,Fiction,1921,791.73,794,4/12/1973,Peru,794,amynardm1@1und1.de
795,Dr,Science Fiction,1817,434.58,795,11/17/1966,Canada,795,mbuckleighm2@linkedin.com
796,Mrs,Non-Fiction,1826,259.12,796,11/18/1974,Greece,796,ibrenstuhlm3@webeden.co.uk
797,Mrs,Science Fiction,1819,505.27,797,2/3/1913,Colombia,797,nklynm4@alibaba.com
798,Honorable,Romance,1966,13.28,798,7/1/1981,Vietnam,798,isaphinm5@accuweather.com
799,Dr,Mystery,2004,499.8,799,6/23/1919,Gambia,799,aoliverm6@so-net.ne.jp
800,Rev,Romance,1904,113.33,800,6/5/1980,Iraq,800,frushworthm7@go.com
801,Mrs,Fiction,1928,366.5,801,5/7/1959,China,801,cbeadhamm8@shop-pro.jp
802,Mr,Non-Fiction,1916,471.38,802,9/25/1914,Indonesia,802,jdanaherm9@washingtonpost.com
803,Rev,Non-Fiction,1805,343.15,803,5/11/1906,China,803,kparradinema@storify.com
804,Mr,Science Fiction,1964,39.13,804,1/16/1984,Norway,804,grubiemb@i2i.jp
805,Ms,Mystery,1821,648.43,805,1/10/1916,Finland,805,rivanonkomc@ehow.com
806,Rev,Romance,1836,823.08,806,5/25/1971,Russia,806,kballintimemd@about.me
807,Dr,Romance,1925,783.23,807,9/25/1948,Peru,807,rjensonme@1und1.de
808,Ms,Science Fiction,1988,799.17,808,12/19/1907,Vietnam,808,jeardmf@geocities.com
809,Ms,Science Fiction,1923,497.57,809,6/3/1975,China,809,nokennavainmg@jugem.jp
810,Honorable,Science Fiction,1958,984.74,810,8/7/1957,China,810,astockingmh@netlog.com
811,Mr,Non-Fiction,1966,333.01,811,10/19/1935,Japan,811,mminchimi@netvibes.com
812,Honorable,Mystery,1963,337.28,812,6/14/1923,China,812,kmitchenermj@techcrunch.com
813,Mrs,Non-Fiction,1832,931.54,813,2/25/1902,Ukraine,813,gclutterbuckmk@guardian.co.uk
814,Dr,Science Fiction,1853,353.27,814,2/3/1912,Czech Republic,814,godalyml@archive.org
815,Dr,Mystery,1925,71.74,815,1/7/1946,Uzbekistan,815,gsudddardmm@oaic.gov.au
816,Honorable,Science Fiction,2015,435.74,816,10/12/1901,China,816,rfaussetmn@gmpg.org
817,Ms,Science Fiction,1908,517.01,817,5/1/1962,Sweden,817,ranthoinmo@addtoany.com
818,Mr,Mystery,1930,602.87,818,4/17/1901,China,818,bwallagemp@storify.com
819,Mrs,Romance,2019,2.9,819,1/26/1912,Czech Republic,819,splestermq@mapquest.com
820,Honorable,Science Fiction,1829,197.96,820,12/14/1930,Russia,820,rawdemr@ehow.com
821,Rev,Mystery,1872,736.15,821,6/15/1908,Guatemala,821,ccastilljoms@liveinternet.ru
822,Mrs,Science Fiction,2016,749.34,822,5/19/1908,Philippines,822,sbaurerichmt@live.com
823,Dr,Non-Fiction,1947,190.77,823,6/18/1973,Japan,823,rparagreenmu@w3.org
824,Mr,Non-Fiction,2015,151.95,824,6/5/1999,Mexico,824,lstathersmv@addthis.com
825,Mrs,Mystery,1841,190.67,825,6/13/1945,Comoros,825,afortounmw@scribd.com
826,Mr,Mystery,1995,526.37,826,8/17/1903,Peru,826,tchownemx@yandex.ru
827,Mr,Fiction,1919,567.55,827,5/1/1920,Indonesia,827,tcreebermy@over-blog.com
828,Ms,Romance,1895,872.92,828,12/9/1952,China,828,hlowthmz@aboutads.info
829,Ms,Romance,1835,918.23,829,8/9/1948,China,829,cveillardn0@earthlink.net
830,Mrs,Fiction,1975,713.76,830,8/7/1911,Russia,830,msealen1@nbcnews.com
831,Mr,Science Fiction,1898,844.27,831,4/10/1919,Russia,831,lnewartn2@themeforest.net
832,Mr,Mystery,1914,308.97,832,7/8/1957,Iran,832,bulyattn3@lycos.com
833,Honorable,Mystery,2011,346.33,833,10/27/1944,China,833,hchattenn4@desdev.cn
834,Mr,Mystery,1975,635.64,834,2/16/1988,Armenia,834,laartsenn5@facebook.com
835,Mr,Mystery,1990,781.58,835,3/7/1906,Jamaica,835,hdelosn6@elpais.com
836,Dr,Non-Fiction,1983,543.37,836,8/8/1903,China,836,mkenwortheyn7@marketwatch.com
837,Ms,Science Fiction,2017,12.3,837,10/29/1970,Norway,837,lpookn8@nbcnews.com
838,Mrs,Mystery,1857,476.79,838,6/21/1929,Indonesia,838,xfolkn9@sbwire.com
839,Honorable,Fiction,2006,170.35,839,9/9/1920,Papua New Guinea,839,mponcefordna@rakuten.co.jp
840,Ms,Fiction,1974,78.62,840,7/28/1970,Namibia,840,tlyvonnb@youku.com
841,Ms,Fiction,1945,764.75,841,12/29/1900,Venezuela,841,debbinsnc@storify.com
842,Ms,Mystery,2010,647.82,842,8/7/1919,China,842,cfenningnd@guardian.co.uk
843,Mr,Fiction,1859,241.44,843,11/1/1994,Uruguay,843,mtierneyne@ebay.co.uk
844,Honorable,Fiction,1855,51.37,844,9/19/1995,China,844,vcannellnf@discuz.net
845,Honorable,Romance,1972,61.78,845,5/17/1985,Russia,845,wmalarkeyng@youku.com
846,Honorable,Non-Fiction,2006,105.79,846,4/1/1976,Vietnam,846,kwaitingnh@shareasale.com
847,Honorable,Romance,1893,125.73,847,3/11/1987,Canada,847,nemettni@wikipedia.org
848,Honorable,Mystery,1972,809.12,848,8/10/1973,China,848,ckeersnj@gravatar.com
849,Rev,Romance,1904,587.06,849,3/3/1975,Kazakhstan,849,bsowtennk@prlog.org
850,Honorable,Science Fiction,1955,51.36,850,1/2/1976,China,850,seyrlnl@chicagotribune.com
851,Rev,Non-Fiction,1825,369.83,851,8/2/1938,United States,851,cbroadwaynm@163.com
852,Ms,Mystery,1865,315.93,852,12/20/1911,Russia,852,clumbynn@symantec.com
853,Rev,Romance,1905,787.42,853,12/20/1960,Russia,853,cedesno@wikimedia.org
854,Dr,Non-Fiction,1923,530.89,854,10/2/1970,South Korea,854,abeldennp@google.co.uk
855,Rev,Science Fiction,1821,874.41,855,12/14/1941,Greece,855,kbascombenq@psu.edu
856,Ms,Non-Fiction,1950,162.62,856,1/2/1955,Indonesia,856,zjureknr@google.com.br
857,Mrs,Science Fiction,1831,151.98,857,7/19/1981,China,857,mdukens@digg.com
858,Mr,Romance,1935,442.91,858,7/3/1978,Philippines,858,centwhistlent@admin.ch
859,Dr,Romance,1871,588.67,859,2/22/1997,Uzbekistan,859,jgoffnu@cdc.gov
860,Mrs,Mystery,1936,769.56,860,1/18/1992,Brazil,860,cfergysonnv@reddit.com
861,Rev,Mystery,1967,664.61,861,4/29/1923,Brazil,861,gmellingnw@hubpages.com
862,Mr,Science Fiction,2016,389.56,862,11/1/1965,Sweden,862,rgritlandnx@dion.ne.jp
863,Mr,Non-Fiction,2018,86.94,863,5/17/1960,Serbia,863,dloveguardny@seattletimes.com
864,Ms,Non-Fiction,1823,4.99,864,2/3/1908,Indonesia,864,qgaudinnz@spotify.com
865,Dr,Fiction,1871,193.35,865,8/31/1983,Portugal,865,tmccoughano0@addtoany.com
866,Mrs,Romance,1813,585.79,866,12/1/1972,Russia,866,dhemerijko1@printfriendly.com
867,Dr,Romance,1835,67.18,867,5/5/1975,Indonesia,867,acarmano2@senate.gov
868,Honorable,Mystery,2012,264.52,868,10/31/1956,Brazil,868,tlonghirsto3@blogger.com
869,Mr,Non-Fiction,1827,735.93,869,7/10/1933,Yemen,869,tbevisso4@howstuffworks.com
870,Mrs,Non-Fiction,1906,585.51,870,6/3/1958,Indonesia,870,dcollicotto5@wunderground.com
871,Dr,Romance,1995,836.52,871,12/17/1901,Poland,871,rfinnigano6@trellian.com
872,Mr,Science Fiction,1825,452.17,872,6/9/1966,Russia,872,adouriso7@tinyurl.com
873,Mr,Science Fiction,1962,839.71,873,11/22/1945,Brazil,873,jklaaso8@google.com.br
874,Rev,Mystery,1927,528.79,874,3/6/1920,Poland,874,amattheweso9@berkeley.edu
875,Ms,Non-Fiction,1927,568.85,875,8/23/1908,Indonesia,875,cbarteloa@springer.com
876,Ms,Non-Fiction,1885,195.17,876,5/31/1963,Indonesia,876,kandriolettiob@discovery.com
877,Dr,Science Fiction,1884,356.11,877,8/23/1991,Russia,877,fhursthouseoc@t.co
878,Honorable,Mystery,1986,492.66,878,11/27/1915,Philippines,878,drenforthod@umn.edu
879,Mr,Science Fiction,1916,842.88,879,10/5/1956,Portugal,879,slinneroe@pbs.org
880,Honorable,Non-Fiction,1992,640.19,880,9/10/1964,Sweden,880,gracherof@fc2.com
881,Ms,Romance,1891,67.11,881,2/28/1925,Portugal,881,ebeedog@imdb.com
882,Dr,Mystery,1810,666.2,882,1/28/1940,China,882,hyewdalloh@wikia.com
883,Dr,Science Fiction,1899,533.61,883,5/13/1939,China,883,ilillimanoi@elpais.com
884,Dr,Fiction,1850,66.68,884,12/10/1940,France,884,cstigersoj@slideshare.net
885,Rev,Science Fiction,1956,633.73,885,3/2/1921,Philippines,885,pcootesok@spiegel.de
886,Dr,Fiction,1910,398.97,886,2/23/1992,Vietnam,886,klyvonol@ameblo.jp
887,Honorable,Romance,1960,854.14,887,4/8/1969,Canada,887,tsappom@oakley.com
888,Honorable,Non-Fiction,1930,178.46,888,2/11/1918,Malta,888,wbisson@skype.com
889,Honorable,Mystery,1856,261.26,889,7/5/1984,China,889,ajerzykiewiczoo@comsenz.com
890,Mrs,Fiction,1881,422.88,890,8/21/1939,Philippines,890,lastyop@china.com.cn
891,Mrs,Fiction,1914,72.65,891,1/26/1932,Indonesia,891,wtoppesoq@go.com
892,Dr,Science Fiction,1811,413.48,892,6/21/1941,Japan,892,kridpathor@posterous.com
893,Mr,Fiction,1804,92.56,893,8/19/1904,Indonesia,893,dbateros@ovh.net
894,Ms,Non-Fiction,1849,470.86,894,6/24/1903,China,894,dingermanot@godaddy.com
895,Rev,Mystery,1813,805.49,895,4/16/1969,Russia,895,bsoldiou@engadget.com
896,Dr,Science Fiction,1876,819.21,896,7/30/1967,Indonesia,896,csaleov@sciencedaily.com
897,Honorable,Science Fiction,2003,600.3,897,8/14/1904,Mongolia,897,sharkesow@examiner.com
898,Ms,Fiction,2010,480.04,898,10/7/1955,Japan,898,eminettox@prweb.com
899,Dr,Romance,2013,361.24,899,3/30/1963,China,899,bcornneroy@techcrunch.com
900,Mr,Fiction,1916,842.93,900,1/5/1993,Poland,900,zhowlesoz@wp.com
901,Ms,Romance,2019,203.99,901,4/14/1993,Russia,901,rfairbournep0@scribd.com
902,Mr,Romance,1990,117.94,902,2/7/1907,Indonesia,902,irivalandp1@jugem.jp
903,Dr,Romance,1915,97.82,903,8/26/1913,France,903,cmcdugalp2@reddit.com
904,Mrs,Mystery,1939,50.91,904,5/6/1915,China,904,fdavenportp3@dedecms.com
905,Ms,Mystery,1829,350.78,905,1/8/1912,China,905,mmccalump4@zimbio.com
906,Mrs,Mystery,1935,20.27,906,2/6/1935,Indonesia,906,rspurmanp5@comsenz.com
907,Ms,Non-Fiction,1931,618.59,907,3/20/1970,France,907,wstonehousep6@globo.com
908,Rev,Non-Fiction,1859,65.76,908,2/5/1964,South Korea,908,ttenantp7@github.io
909,Honorable,Science Fiction,1849,561.0,909,12/23/1935,Botswana,909,cedgerlyp8@typepad.com
910,Dr,Fiction,1803,209.84,910,1/29/1990,Tunisia,910,bbanvillep9@webmd.com
911,Ms,Romance,1818,580.51,911,2/1/1975,Indonesia,911,bottopa@so-net.ne.jp
912,Dr,Non-Fiction,1890,142.68,912,4/1/1954,Poland,912,gbygravepb@washingtonpost.com
913,Honorable,Romance,1843,319.3,913,8/21/1928,Cuba,913,lobrollachainpc@sina.com.cn
914,Mr,Romance,1875,112.02,914,12/30/1986,Poland,914,kalespd@sitemeter.com
915,Dr,Romance,2001,546.07,915,7/12/1923,Japan,915,hsabatespe@hc360.com
916,Honorable,Romance,1839,701.13,916,8/17/1934,Indonesia,916,fbankespf@house.gov
917,Rev,Science Fiction,1805,654.12,917,7/11/1954,Kazakhstan,917,kbrecknellpg@w3.org
918,Rev,Non-Fiction,1913,518.5,918,5/13/1978,China,918,odabesph@accuweather.com
919,Rev,Mystery,1978,554.35,919,4/10/1946,China,919,bbrewerpi@tuttocitta.it
920,Dr,Mystery,1895,136.85,920,10/23/1965,Indonesia,920,dmewhapj@constantcontact.com
921,Rev,Romance,1985,625.38,921,6/6/1928,China,921,syeldhampk@cpanel.net
922,Dr,Romance,1989,345.73,922,3/4/1953,Marshall Islands,922,kkarlepl@paginegialle.it
923,Rev,Science Fiction,1878,500.29,923,12/13/1978,Indonesia,923,sdurringtonpm@goo.ne.jp
924,Rev,Non-Fiction,1868,252.59,924,6/9/1937,China,924,agouldebypn@diigo.com
925,Rev,Mystery,2019,220.39,925,2/24/1984,Brazil,925,bkolczynskipo@mayoclinic.com
926,Rev,Non-Fiction,1846,766.27,926,8/24/1914,Peru,926,vclemowpp@umich.edu
927,Mrs,Romance,1842,481.93,927,4/5/1926,Bulgaria,927,edonatpq@google.com.hk
928,Ms,Science Fiction,1958,585.95,928,7/16/1913,North Korea,928,akebbellpr@xing.com
929,Mrs,Science Fiction,1963,601.67,929,2/21/1985,South Sudan,929,bffordeps@prweb.com
930,Mr,Mystery,2005,144.2,930,8/4/1966,Indonesia,930,phoofept@addthis.com
931,Rev,Fiction,1978,888.18,931,5/27/1966,China,931,awarfieldpu@liveinternet.ru
932,Mrs,Romance,1815,469.04,932,4/24/1946,New Zealand,932,dmadgepv@accuweather.com
933,Ms,Fiction,1803,382.38,933,12/31/1940,Portugal,933,egarnsonpw@tripod.com
934,Honorable,Mystery,1989,194.77,934,4/3/1900,Saint Kitts and Nevis,934,cfargherpx@surveymonkey.com
935,Honorable,Fiction,1931,111.43,935,10/21/1959,Sweden,935,lchealpy@dot.gov
936,Rev,Romance,1875,572.84,936,7/24/1939,China,936,iohoolahanpz@techcrunch.com
937,Dr,Mystery,1931,974.94,937,3/24/1975,Indonesia,937,hcarlesiq0@dyndns.org
938,Honorable,Science Fiction,1962,32.04,938,3/3/1937,Guatemala,938,vbaiteyq1@webeden.co.uk
939,Rev,Romance,1868,577.27,939,11/9/1915,Indonesia,939,scammomileq2@cdbaby.com
940,Honorable,Science Fiction,1860,965.96,940,6/29/1900,Hungary,940,mstareq3@liveinternet.ru
941,Mrs,Mystery,1924,168.93,941,4/7/1988,Poland,941,mbenoitonq4@histats.com
942,Mrs,Romance,1934,331.72,942,12/1/1910,Hungary,942,amitchelsonq5@google.ru
943,Ms,Romance,1877,429.26,943,3/13/1941,Vietnam,943,erustedgeq6@ameblo.jp
944,Rev,Romance,1912,554.35,944,7/12/1974,Vanuatu,944,tpancostq7@who.int
945,Mrs,Science Fiction,1889,980.1,945,9/12/1960,Argentina,945,rpenbarthyq8@parallels.com
946,Dr,Romance,2015,959.25,946,9/25/1936,Mexico,946,tuttleyq9@google.ru
947,Dr,Science Fiction,1894,967.28,947,11/6/1920,Indonesia,947,pviscoqa@walmart.com
948,Mrs,Romance,1966,563.58,948,4/14/1997,China,948,tnadenqb@imdb.com
949,Dr,Science Fiction,1854,103.72,949,11/17/1975,Indonesia,949,kminciniqc@imageshack.us
950,Dr,Romance,2016,487.11,950,12/28/1985,Philippines,950,ntoppingqd@stanford.edu
951,Rev,Science Fiction,1871,394.64,951,11/15/1923,Indonesia,951,dtoyneqe@hostgator.com
952,Rev,Fiction,1995,961.72,952,6/25/1930,United States,952,hlongforthqf@odnoklassniki.ru
953,Honorable,Science Fiction,1822,287.51,953,3/1/1925,Egypt,953,tkleingrubqg@mlb.com
954,Rev,Fiction,1834,822.32,954,4/15/1967,China,954,kpulbrookqh@odnoklassniki.ru
955,Ms,Romance,1915,781.29,955,3/28/1985,China,955,ecoakleyqi@jalbum.net
956,Ms,Fiction,1872,61.92,956,10/22/1987,Mexico,956,gnergerqj@cdc.gov
957,Rev,Non-Fiction,2016,196.85,957,3/27/1941,Australia,957,bdabrowskiqk@ameblo.jp
958,Ms,Fiction,1888,950.19,958,8/17/1915,Japan,958,lredql@dailymail.co.uk
959,Honorable,Non-Fiction,1889,435.22,959,5/2/1926,Myanmar,959,apopeqm@ox.ac.uk
960,Ms,Science Fiction,1909,977.63,960,10/27/1920,Indonesia,960,dolivelliqn@sogou.com
961,Rev,Romance,2011,516.15,961,5/13/1955,Philippines,961,rkenningtonqo@sitemeter.com
962,Mr,Romance,1839,741.0,962,10/11/1981,Portugal,962,achismanqp@is.gd
963,Dr,Romance,1918,387.9,963,8/13/1993,Sweden,963,cdamsellqq@aboutads.info
964,Mr,Romance,1846,638.09,964,5/24/1963,Russia,964,ktippingsqr@sitemeter.com
965,Ms,Romance,1801,840.63,965,9/23/1922,China,965,alongqs@zimbio.com
966,Ms,Romance,1859,120.81,966,1/28/1911,Portugal,966,ecadwaladrqt@yandex.ru
967,Mr,Mystery,1927,668.26,967,7/25/1995,United States,967,iburdenqu@mac.com
968,Ms,Romance,1840,945.79,968,10/26/1930,China,968,cmebiusqv@instagram.com
969,Mr,Fiction,1813,682.42,969,3/5/1912,China,969,hfishpondqw@webmd.com
970,Ms,Romance,1901,277.6,970,7/31/1957,Greece,970,dhalfhydeqx@lycos.com
971,Rev,Science Fiction,1817,234.05,971,2/8/1959,China,971,psaltmarshqy@yelp.com
972,Mrs,Mystery,2011,408.91,972,10/13/1927,Poland,972,fgiuronqz@aboutads.info
973,Honorable,Romance,1829,985.87,973,4/8/1957,Belarus,973,khoodspethr0@i2i.jp
974,Dr,Science Fiction,1814,383.94,974,1/12/1905,Mexico,974,mbodkerr1@purevolume.com
975,Dr,Science Fiction,1923,237.87,975,6/9/1937,Poland,975,sstrainer2@blogtalkradio.com
976,Ms,Romance,1932,113.89,976,9/6/1950,United States,976,sellerr3@state.tx.us
977,Mr,Romance,1933,445.39,977,1/28/1915,Argentina,977,csorrier4@webeden.co.uk
978,Honorable,Non-Fiction,1931,970.09,978,11/23/1915,Poland,978,mgregsr5@msn.com
979,Rev,Fiction,1869,420.82,979,2/19/1921,United States,979,jkohrsenr6@macromedia.com
980,Ms,Romance,1868,70.48,980,4/20/1909,Russia,980,rnovacekr7@dmoz.org
981,Honorable,Science Fiction,1927,117.58,981,1/15/1932,Latvia,981,talbrookr8@jiathis.com
982,Rev,Mystery,1950,288.66,982,5/14/1981,Sweden,982,ccrockattr9@blogtalkradio.com
983,Honorable,Non-Fiction,1827,245.38,983,6/7/1979,France,983,wmcconachiera@msu.edu
984,Rev,Romance,1975,55.06,984,7/30/1995,Palestinian Territory,984,ehogginrb@jugem.jp
985,Mrs,Romance,1882,43.27,985,4/22/1926,Angola,985,mmanzrc@woothemes.com
986,Dr,Non-Fiction,1876,819.69,986,6/24/1987,Russia,986,ksaycerd@uol.com.br
987,Mrs,Science Fiction,1928,684.53,987,7/30/1921,Indonesia,987,tshortcliffere@google.fr
988,Ms,Non-Fiction,1976,512.63,988,5/27/1980,Comoros,988,ghalltrf@dailymail.co.uk
989,Honorable,Romance,1905,892.03,989,2/8/1968,Japan,989,aduferrg@wikipedia.org
990,Rev,Science Fiction,1956,946.76,990,4/8/1927,China,990,ffarnworthrh@tmall.com
991,Honorable,Romance,1873,775.67,991,8/29/1971,Iran,991,mwoakesri@tamu.edu
992,Rev,Fiction,1854,29.56,992,3/5/1945,Moldova,992,climbrj@purevolume.com
993,Mrs,Mystery,1925,129.47,993,6/25/1981,Palau,993,kdesboroughrk@networkadvertising.org
994,Rev,Science Fiction,1861,914.25,994,4/27/1927,Iran,994,nmanthropperl@posterous.com
995,Ms,Romance,1801,44.86,995,10/19/1947,Thailand,995,wburtwistlerm@comcast.net
996,Honorable,Mystery,1970,125.2,996,7/26/1905,Argentina,996,lmatthewmanrn@examiner.com
997,Dr,Science Fiction,1957,813.16,997,1/19/1999,Russia,997,rwestleyro@columbia.edu
998,Honorable,Fiction,1897,405.07,998,7/7/1998,China,998,mwallasrp@arizona.edu
999,Mr,Science Fiction,1803,282.97,999,5/19/1944,China,999,awoolstenholmesrq@cmu.edu
1000,Ms,Romance,1928,814.17,1000,5/29/1985,Panama,1000,qgisburnerr@tinyurl.com
